captured_at_utc,capture_timing,hours_to_kickoff_at_capture,season,week,season_type,cfbd_game_id,start_date_utc,home_team,away_team,provider,spread,spread_favourite,formatted_spread,spread_open,over_under,over_under_open,home_moneyline,away_moneyline
2026-09-05T09:21:07.215390+00:00,historical_market_backfill,-203.352,2026,1,regular,401866532,2026-08-27 22:00:00+00:00,Towson,Maine,Draft Kings,-2.5,Towson,Towson -2.5,,46.5,,,
2026-09-05T09:21:07.215390+00:00,historical_market_backfill,-203.352,2026,1,regular,401866615,2026-08-27 22:00:00+00:00,Delaware State,Stony Brook,Draft Kings,4.5,Stony Brook,Stony Brook -4.5,,50.5,,,
2026-09-05T09:21:07.215390+00:00,historical_market_backfill,-203.352,2026,1,regular,401867894,2026-08-27 22:00:00+00:00,Youngstown State,Mercyhurst,Draft Kings,-30.5,Youngstown State,Youngstown State -30.5,,57.5,,,
2026-09-05T09:21:07.215390+00:00,historical_market_backfill,-202.352,2026,1,regular,401867865,2026-08-27 23:00:00+00:00,Murray State,Eastern Illinois,Draft Kings,-4.5,Murray State,Murray State -4.5,,49.5,,,
2026-09-05T09:21:07.215390+00:00,historical_market_backfill,-202.352,2026,1,regular,401868060,2026-08-27 23:00:00+00:00,Austin Peay,Gardner-Webb,Draft Kings,-14.5,Austin Peay,Austin Peay -14.5,,59.5,,,
2026-09-05T09:21:07.215390+00:00,historical_market_backfill,-202.352,2026,1,regular,401868169,2026-08-27 23:00:00+00:00,Lindenwood,Charleston Southern,Draft Kings,-7.5,Lindenwood,Lindenwood -7.5,,45.5,,,
2026-09-05T09:21:07.215390+00:00,historical_market_backfill,-202.352,2026,1,regular,401868240,2026-08-27 23:00:00+00:00,West Georgia,Chattanooga,Draft Kings,3.5,Chattanooga,Chattanooga -3.5,,50.5,,,
2026-09-05T09:21:07.215390+00:00,historical_market_backfill,-202.352,2026,1,regular,401868315,2026-08-27 23:00:00+00:00,SE Louisiana,Houston Christian,Draft Kings,-24.5,SE Louisiana,SE Louisiana -24.5,,51.5,,,
2026-09-05T09:21:07.215390+00:00,historical_market_backfill,-202.352,2026,1,regular,401868962,2026-08-27 23:00:00+00:00,Nicholls,Mississippi Valley State,Draft Kings,-28.5,Nicholls,Nicholls -28.5,,51.5,,,
2026-09-05T09:21:07.215390+00:00,historical_market_backfill,-202.352,2026,1,regular,401874035,2026-08-27 23:00:00+00:00,West Florida,Southern Illinois,Draft Kings,19.5,Southern Illinois,Southern Illinois -19.5,,55.5,,,
2026-09-05T09:21:07.215390+00:00,historical_market_backfill,-201.852,2026,1,regular,401868070,2026-08-27 23:30:00+00:00,UT Martin,Central Arkansas,Draft Kings,-3.0,UT Martin,UT Martin -3,,50.5,,,
2026-09-05T09:21:07.215390+00:00,historical_market_backfill,-201.352,2026,1,regular,401867874,2026-08-28 00:00:00+00:00,North Dakota,Long Island University,Draft Kings,-27.5,North Dakota,North Dakota -27.5,,44.5,,,
2026-09-05T09:21:07.215390+00:00,historical_market_backfill,-179.352,2026,1,regular,401866617,2026-08-28 22:00:00+00:00,Merrimack,Rhode Island,DraftKings,20.5,Rhode Island,Rhode Island -20.5,20.5,47.5,53.5,890.0,-1960.0
2026-09-05T09:21:07.215390+00:00,historical_market_backfill,-179.352,2026,1,regular,401866617,2026-08-28 22:00:00+00:00,Merrimack,Rhode Island,Draft Kings,21.0,Rhode Island,Rhode Island -21,,47.5,,,
2026-09-05T09:21:07.215390+00:00,historical_market_backfill,-179.352,2026,1,regular,401868007,2026-08-28 22:00:00+00:00,Fordham,Colgate,DraftKings,8.5,Colgate,Colgate -8.5,10.0,55.5,50.5,242.0,-318.0
2026-09-05T09:21:07.215390+00:00,historical_market_backfill,-179.352,2026,1,regular,401868007,2026-08-28 22:00:00+00:00,Fordham,Colgate,Draft Kings,8.5,Colgate,Colgate -8.5,,55.5,,,
2026-09-05T09:21:07.215390+00:00,historical_market_backfill,-179.352,2026,1,regular,401868040,2026-08-28 22:00:00+00:00,Villanova,William & Mary,DraftKings,-12.5,Villanova,Villanova -12.5,-11.5,47.5,50.5,-700.0,462.0
2026-09-05T09:21:07.215390+00:00,historical_market_backfill,-179.352,2026,1,regular,401868040,2026-08-28 22:00:00+00:00,Villanova,William & Mary,Draft Kings,-12.5,Villanova,Villanova -12.5,,47.5,,,
2026-09-05T09:21:07.215390+00:00,historical_market_backfill,-179.352,2026,1,regular,401868261,2026-08-28 22:00:00+00:00,New Haven,Marist,DraftKings,-2.5,New Haven,New Haven -2.5,1.5,46.5,44.5,-145.0,116.0
2026-09-05T09:21:07.215390+00:00,historical_market_backfill,-179.352,2026,1,regular,401868261,2026-08-28 22:00:00+00:00,New Haven,Marist,Draft Kings,-2.5,New Haven,New Haven -2.5,,46.5,,,
2026-09-05T09:21:07.215390+00:00,historical_market_backfill,-178.352,2026,1,regular,401866616,2026-08-28 23:00:00+00:00,UAlbany,New Hampshire,DraftKings,10.0,New Hampshire,New Hampshire -10,11.5,46.5,45.5,268.0,-357.0
2026-09-05T09:21:07.215390+00:00,historical_market_backfill,-178.352,2026,1,regular,401866616,2026-08-28 23:00:00+00:00,UAlbany,New Hampshire,Draft Kings,10.0,New Hampshire,New Hampshire -10,,46.5,,,
2026-09-05T09:21:07.215390+00:00,historical_market_backfill,-176.352,2026,1,regular,401868129,2026-08-29 01:00:00+00:00,Northern Colorado,Weber State,DraftKings,-3.0,Northern Colorado,Northern Colorado -3,-3.5,50.5,49.5,-161.0,129.0
2026-09-05T09:21:07.215390+00:00,historical_market_backfill,-176.352,2026,1,regular,401868129,2026-08-29 01:00:00+00:00,Northern Colorado,Weber State,Draft Kings,-3.0,Northern Colorado,Northern Colorado -3,,50.5,,,
2026-09-05T09:21:07.215390+00:00,historical_market_backfill,-175.352,2026,1,regular,401868073,2026-08-29 02:00:00+00:00,Cal Poly,Idaho,DraftKings,5.5,Idaho,Idaho -5.5,3.5,53.5,55.5,172.0,-219.0
2026-09-05T09:21:07.215390+00:00,historical_market_backfill,-175.352,2026,1,regular,401868073,2026-08-29 02:00:00+00:00,Cal Poly,Idaho,Draft Kings,5.5,Idaho,Idaho -5.5,,53.5,,,
2026-09-05T09:21:07.215390+00:00,historical_market_backfill,-161.352,2026,1,regular,401856766,2026-08-29 16:00:00+00:00,TCU,North Carolina,Draft Kings,-7.5,TCU,TCU -7.5,,46.5,,,
2026-09-05T09:21:07.215390+00:00,historical_market_backfill,-161.352,2026,1,regular,401856766,2026-08-29 16:00:00+00:00,TCU,North Carolina,DraftKings,-7.5,TCU,TCU -7.5,,46.5,,-310.0,250.0
2026-09-05T09:21:07.215390+00:00,historical_market_backfill,-161.352,2026,1,regular,401856766,2026-08-29 16:00:00+00:00,TCU,North Carolina,Bovada,-7.5,TCU,TCU -7.5,-7.5,46.0,50.5,-235.0,195.0
2026-09-05T09:21:07.215390+00:00,historical_market_backfill,-161.352,2026,1,regular,401867916,2026-08-29 16:00:00+00:00,Wagner,Robert Morris,DraftKings,-5.5,Wagner,Wagner -5.5,-5.5,40.5,39.5,-223.0,176.0
2026-09-05T09:21:07.215390+00:00,historical_market_backfill,-161.352,2026,1,regular,401867916,2026-08-29 16:00:00+00:00,Wagner,Robert Morris,Draft Kings,-5.5,Wagner,Wagner -5.5,,40.5,,,
2026-09-05T09:21:07.215390+00:00,historical_market_backfill,-159.352,2026,1,regular,401867882,2026-08-29 18:00:00+00:00,South Dakota,Central Connecticut,DraftKings,-21.5,South Dakota,South Dakota -21.5,-22.5,49.5,53.5,-3900.0,1180.0
2026-09-05T09:21:07.215390+00:00,historical_market_backfill,-159.352,2026,1,regular,401867882,2026-08-29 18:00:00+00:00,South Dakota,Central Connecticut,Draft Kings,-20.5,South Dakota,South Dakota -20.5,,49.5,,,
2026-09-05T09:21:07.215390+00:00,historical_market_backfill,-158.352,2026,1,regular,401864494,2026-08-29 19:00:00+00:00,USC,San José State,Draft Kings,-37.5,USC,USC -37.5,,61.5,,,
2026-09-05T09:21:07.215390+00:00,historical_market_backfill,-158.352,2026,1,regular,401864494,2026-08-29 19:00:00+00:00,USC,San José State,DraftKings,-37.5,USC,USC -37.5,-35.5,61.5,,-100000.0,5000.0
2026-09-05T09:21:07.215390+00:00,historical_market_backfill,-158.352,2026,1,regular,401864494,2026-08-29 19:00:00+00:00,USC,San José State,Bovada,-37.0,USC,USC -37.0,-35.5,60.5,57.5,-100000.0,3500.0
2026-09-05T09:21:07.215390+00:00,historical_market_backfill,-158.352,2026,1,regular,401868154,2026-08-29 19:00:00+00:00,Portland State,UC Davis,DraftKings,25.5,UC Davis,UC Davis -25.5,24.5,60.5,62.5,1300.0,-5400.0
2026-09-05T09:21:07.215390+00:00,historical_market_backfill,-158.352,2026,1,regular,401868154,2026-08-29 19:00:00+00:00,Portland State,UC Davis,Draft Kings,25.5,UC Davis,UC Davis -25.5,,60.5,,,
2026-09-05T09:21:07.215390+00:00,historical_market_backfill,-158.352,2026,1,regular,401868324,2026-08-29 19:00:00+00:00,Alabama State,Southern,DraftKings,-19.5,Alabama State,Alabama State -19.5,-19.5,56.5,56.5,-1760.0,830.0
2026-09-05T09:21:07.215390+00:00,historical_market_backfill,-158.352,2026,1,regular,401868324,2026-08-29 19:00:00+00:00,Alabama State,Southern,Draft Kings,19.5,Southern,Southern -19.5,,56.5,,,
2026-09-05T09:21:07.215390+00:00,historical_market_backfill,-157.852,2026,1,regular,401858202,2026-08-29 19:30:00+00:00,Virginia,NC State,Bovada,-4.0,Virginia,Virginia -4.0,-3.5,50.5,54.5,-145.0,125.0
2026-09-05T09:21:07.215390+00:00,historical_market_backfill,-157.852,2026,1,regular,401858202,2026-08-29 19:30:00+00:00,Virginia,NC State,Draft Kings,-4.0,Virginia,Virginia -4,,50.5,,,
2026-09-05T09:21:07.215390+00:00,historical_market_backfill,-157.852,2026,1,regular,401858202,2026-08-29 19:30:00+00:00,Virginia,NC State,DraftKings,-4.0,Virginia,Virginia -4,,50.5,,-185.0,154.0
2026-09-05T09:21:07.215390+00:00,historical_market_backfill,-157.852,2026,1,regular,401868022,2026-08-29 19:30:00+00:00,Holy Cross,Lehigh,DraftKings,14.0,Lehigh,Lehigh -14,14.0,47.5,47.5,509.0,-800.0
2026-09-05T09:21:07.215390+00:00,historical_market_backfill,-157.852,2026,1,regular,401868022,2026-08-29 19:30:00+00:00,Holy Cross,Lehigh,Draft Kings,14.0,Lehigh,Lehigh -14,,47.5,,,
2026-09-05T09:21:07.215390+00:00,historical_market_backfill,-156.352,2026,1,regular,401868084,2026-08-29 21:00:00+00:00,Northern Arizona,Eastern Washington,DraftKings,-5.5,Northern Arizona,Northern Arizona -5.5,-3.0,55.5,56.5,-242.0,189.0
2026-09-05T09:21:07.215390+00:00,historical_market_backfill,-156.352,2026,1,regular,401868084,2026-08-29 21:00:00+00:00,Northern Arizona,Eastern Washington,Draft Kings,-5.5,Northern Arizona,Northern Arizona -5.5,,55.5,,,
2026-09-05T09:21:07.215390+00:00,historical_market_backfill,-155.852,2026,1,regular,401864577,2026-08-29 21:30:00+00:00,North Dakota State,Jacksonville State,Draft Kings,-6.5,North Dakota State,North Dakota State -6.5,,46.5,,,
2026-09-05T09:21:07.215390+00:00,historical_market_backfill,-155.852,2026,1,regular,401864577,2026-08-29 21:30:00+00:00,North Dakota State,Jacksonville State,Bovada,-7.0,North Dakota State,North Dakota State -7.0,-10.0,46.5,48.5,-330.0,265.0
2026-09-05T09:21:07.215390+00:00,historical_market_backfill,-155.852,2026,1,regular,401864577,2026-08-29 21:30:00+00:00,North Dakota State,Jacksonville State,DraftKings,-6.5,North Dakota State,North Dakota State -6.5,-10.0,46.5,,-265.0,215.0
2026-09-05T09:21:07.215390+00:00,historical_market_backfill,-155.852,2026,1,regular,401866620,2026-08-29 21:30:00+00:00,East Tennessee State,Campbell,DraftKings,-7.0,East Tennessee State,East Tennessee State -7,-7.0,56.5,55.5,-267.0,207.0
2026-09-05T09:21:07.215390+00:00,historical_market_backfill,-155.852,2026,1,regular,401866620,2026-08-29 21:30:00+00:00,East Tennessee State,Campbell,Draft Kings,-7.0,East Tennessee State,East Tennessee State -7,,56.5,,,
2026-09-05T09:21:07.215390+00:00,historical_market_backfill,-155.352,2026,1,regular,401866618,2026-08-29 22:00:00+00:00,North Carolina A&T,Morgan State,DraftKings,7.0,Morgan State,Morgan State -7,8.5,49.5,50.5,210.0,-270.0
2026-09-05T09:21:07.215390+00:00,historical_market_backfill,-155.352,2026,1,regular,401866618,2026-08-29 22:00:00+00:00,North Carolina A&T,Morgan State,Draft Kings,7.0,Morgan State,Morgan State -7,,49.5,,,
2026-09-05T09:21:07.215390+00:00,historical_market_backfill,-155.352,2026,1,regular,401866619,2026-08-29 22:00:00+00:00,Stonehill,Bryant,DraftKings,4.5,Bryant,Bryant -4.5,4.5,45.5,44.5,153.0,-192.0
2026-09-05T09:21:07.215390+00:00,historical_market_backfill,-155.352,2026,1,regular,401866619,2026-08-29 22:00:00+00:00,Stonehill,Bryant,Draft Kings,4.0,Bryant,Bryant -4,,45.5,,,
2026-09-05T09:21:07.215390+00:00,historical_market_backfill,-155.352,2026,1,regular,401867855,2026-08-29 22:00:00+00:00,Indiana State,Southeast Missouri State,DraftKings,-2.5,Indiana State,Indiana State -2.5,-2.5,52.5,52.5,-143.0,115.0
2026-09-05T09:21:07.215390+00:00,historical_market_backfill,-155.352,2026,1,regular,401867855,2026-08-29 22:00:00+00:00,Indiana State,Southeast Missouri State,Draft Kings,-2.5,Indiana State,Indiana State -2.5,,52.5,,,
2026-09-05T09:21:07.215390+00:00,historical_market_backfill,-155.352,2026,1,regular,401867988,2026-08-29 22:00:00+00:00,Richmond,Bucknell,DraftKings,-12.5,Richmond,Richmond -12.5,-10.5,48.5,49.5,-620.0,420.0
2026-09-05T09:21:07.215390+00:00,historical_market_backfill,-155.352,2026,1,regular,401867988,2026-08-29 22:00:00+00:00,Richmond,Bucknell,Draft Kings,-12.5,Richmond,Richmond -12.5,,48.5,,,
2026-09-05T09:21:07.215390+00:00,historical_market_backfill,-155.352,2026,1,regular,401868101,2026-08-29 22:00:00+00:00,Idaho State,VMI,DraftKings,-34.5,Idaho State,Idaho State -34.5,-34.5,53.5,60.5,,
2026-09-05T09:21:07.215390+00:00,historical_market_backfill,-155.352,2026,1,regular,401868101,2026-08-29 22:00:00+00:00,Idaho State,VMI,Draft Kings,-34.5,Idaho State,Idaho State -34.5,,53.5,,,
2026-09-05T09:21:07.215390+00:00,historical_market_backfill,-155.352,2026,1,regular,401868394,2026-08-29 22:00:00+00:00,Wofford,The Citadel,DraftKings,-7.5,Wofford,Wofford -7.5,-8.5,45.5,45.5,-415.0,305.0
2026-09-05T09:21:07.215390+00:00,historical_market_backfill,-155.352,2026,1,regular,401868394,2026-08-29 22:00:00+00:00,Wofford,The Citadel,Draft Kings,-7.5,Wofford,Wofford -7.5,,45.5,,,
2026-09-05T09:21:07.215390+00:00,historical_market_backfill,-154.852,2026,1,regular,401866408,2026-08-29 22:30:00+00:00,Eastern Michigan,Sacramento State,Draft Kings,-9.5,Eastern Michigan,Eastern Michigan -9.5,,52.5,,,
2026-09-05T09:21:07.215390+00:00,historical_market_backfill,-154.852,2026,1,regular,401866408,2026-08-29 22:30:00+00:00,Eastern Michigan,Sacramento State,DraftKings,-8.5,Eastern Michigan,Eastern Michigan -8.5,-8.5,52.5,,-355.0,280.0
2026-09-05T09:21:07.215390+00:00,historical_market_backfill,-154.852,2026,1,regular,401866408,2026-08-29 22:30:00+00:00,Eastern Michigan,Sacramento State,Bovada,-9.0,Eastern Michigan,Eastern Michigan -9.0,-8.5,53.0,52.5,-330.0,265.0
2026-09-05T09:21:07.215390+00:00,historical_market_backfill,-154.352,2026,1,regular,401858201,2026-08-29 23:00:00+00:00,Stanford,Hawai'i,DraftKings,-4.5,Stanford,Stanford -4.5,-3.0,48.5,,-205.0,170.0
2026-09-05T09:21:07.215390+00:00,historical_market_backfill,-154.352,2026,1,regular,401858201,2026-08-29 23:00:00+00:00,Stanford,Hawai'i,Draft Kings,-4.5,Stanford,Stanford -4.5,,48.5,,,
2026-09-05T09:21:07.215390+00:00,historical_market_backfill,-154.352,2026,1,regular,401858201,2026-08-29 23:00:00+00:00,Stanford,Hawai'i,Bovada,-5.0,Stanford,Stanford -5.0,-3.0,48.5,50.5,-170.0,145.0
2026-09-05T09:21:07.215390+00:00,historical_market_backfill,-154.352,2026,1,regular,401864570,2026-08-29 23:00:00+00:00,Florida State,New Mexico State,Draft Kings,-30.5,Florida State,Florida State -30.5,,53.5,,,
2026-09-05T09:21:07.215390+00:00,historical_market_backfill,-154.352,2026,1,regular,401864570,2026-08-29 23:00:00+00:00,Florida State,New Mexico State,DraftKings,-31.5,Florida State,Florida State -31.5,-28.5,53.5,,-8000.0,2200.0
2026-09-05T09:21:07.215390+00:00,historical_market_backfill,-154.352,2026,1,regular,401864570,2026-08-29 23:00:00+00:00,Florida State,New Mexico State,Bovada,-31.0,Florida State,Florida State -31.0,-29.5,53.5,53.5,-100000.0,2800.0
2026-09-05T09:21:07.215390+00:00,historical_market_backfill,-154.352,2026,1,regular,401866621,2026-08-29 23:00:00+00:00,Tennessee Tech,Monmouth,DraftKings,-8.5,Tennessee Tech,Tennessee Tech -8.5,-8.5,58.5,58.5,-340.0,257.0
2026-09-05T09:21:07.215390+00:00,historical_market_backfill,-154.352,2026,1,regular,401866621,2026-08-29 23:00:00+00:00,Tennessee Tech,Monmouth,Draft Kings,-8.5,Tennessee Tech,Tennessee Tech -8.5,,58.5,,,
2026-09-05T09:21:07.215390+00:00,historical_market_backfill,-154.352,2026,1,regular,401867977,2026-08-29 23:00:00+00:00,Texas Southern,North Carolina Central,DraftKings,10.5,North Carolina Central,North Carolina Central -10.5,11.5,51.5,51.5,328.0,-453.0
2026-09-05T09:21:07.215390+00:00,historical_market_backfill,-154.352,2026,1,regular,401867977,2026-08-29 23:00:00+00:00,Texas Southern,North Carolina Central,Draft Kings,10.5,North Carolina Central,North Carolina Central -10.5,,51.5,,,
2026-09-05T09:21:07.215390+00:00,historical_market_backfill,-154.352,2026,1,regular,401868049,2026-08-29 23:00:00+00:00,Lamar,Abilene Christian,DraftKings,7.5,Abilene Christian,Abilene Christian -7.5,7.5,49.5,49.5,232.0,-303.0
2026-09-05T09:21:07.215390+00:00,historical_market_backfill,-154.352,2026,1,regular,401868049,2026-08-29 23:00:00+00:00,Lamar,Abilene Christian,Draft Kings,7.5,Abilene Christian,Abilene Christian -7.5,,49.5,,,
2026-09-05T09:21:07.215390+00:00,historical_market_backfill,-154.352,2026,1,regular,401868139,2026-08-29 23:00:00+00:00,Western Carolina,Eastern Kentucky,DraftKings,-3.0,Western Carolina,Western Carolina -3,-4.5,54.5,50.5,-152.0,122.0
2026-09-05T09:21:07.215390+00:00,historical_market_backfill,-154.352,2026,1,regular,401868139,2026-08-29 23:00:00+00:00,Western Carolina,Eastern Kentucky,Draft Kings,-3.0,Western Carolina,Western Carolina -3,,54.5,,,
2026-09-05T09:21:07.215390+00:00,historical_market_backfill,-154.352,2026,1,regular,401868149,2026-08-29 23:00:00+00:00,North Alabama,Samford,DraftKings,-7.0,North Alabama,North Alabama -7,-7.5,55.5,55.5,-313.0,239.0
2026-09-05T09:21:07.215390+00:00,historical_market_backfill,-154.352,2026,1,regular,401868149,2026-08-29 23:00:00+00:00,North Alabama,Samford,Draft Kings,-7.0,North Alabama,North Alabama -7,,55.5,,,
2026-09-05T09:21:07.215390+00:00,historical_market_backfill,-154.352,2026,1,regular,401868305,2026-08-29 23:00:00+00:00,McNeese,Stephen F. Austin,DraftKings,12.5,Stephen F. Austin,Stephen F. Austin -12.5,13.5,49.5,49.5,328.0,-453.0
2026-09-05T09:21:07.215390+00:00,historical_market_backfill,-154.352,2026,1,regular,401868305,2026-08-29 23:00:00+00:00,McNeese,Stephen F. Austin,Draft Kings,12.5,Stephen F. Austin,Stephen F. Austin -12.5,,49.5,,,
2026-09-05T09:21:07.215390+00:00,historical_market_backfill,-154.352,2026,1,regular,401872615,2026-08-29 23:00:00+00:00,South Dakota State,Stetson,DraftKings,-50.5,South Dakota State,South Dakota State -50.5,-47.5,58.5,56.5,,
2026-09-05T09:21:07.215390+00:00,historical_market_backfill,-154.352,2026,1,regular,401872615,2026-08-29 23:00:00+00:00,South Dakota State,Stetson,Draft Kings,-50.5,South Dakota State,South Dakota State -50.5,,58.5,,,
2026-09-05T09:21:07.215390+00:00,historical_market_backfill,-154.352,2026,1,regular,401874042,2026-08-29 23:00:00+00:00,Mercer,East Texas A&M,DraftKings,-22.5,Mercer,Mercer -22.5,-23.5,57.5,60.5,-3200.0,1100.0
2026-09-05T09:21:07.215390+00:00,historical_market_backfill,-154.352,2026,1,regular,401874042,2026-08-29 23:00:00+00:00,Mercer,East Texas A&M,Draft Kings,-22.5,Mercer,Mercer -22.5,,57.5,,,
2026-09-05T09:21:07.215390+00:00,historical_market_backfill,-153.852,2026,1,regular,401867935,2026-08-29 23:30:00+00:00,Howard,Alabama A&M,DraftKings,-1.5,Howard,Howard -1.5,-2.5,46.5,46.5,-124.0,100.0
2026-09-05T09:21:07.215390+00:00,historical_market_backfill,-153.852,2026,1,regular,401867935,2026-08-29 23:30:00+00:00,Howard,Alabama A&M,Draft Kings,1.5,Alabama A&M,Alabama A&M -1.5,,46.5,,,
2026-09-05T09:21:07.215390+00:00,historical_market_backfill,-152.852,2026,1,regular,401868194,2026-08-30 00:30:00+00:00,Tennessee State,Jackson State,DraftKings,12.5,Jackson State,Jackson State -12.5,15.5,49.5,49.5,435.0,-650.0
2026-09-05T09:21:07.215390+00:00,historical_market_backfill,-152.852,2026,1,regular,401868194,2026-08-30 00:30:00+00:00,Tennessee State,Jackson State,Draft Kings,12.5,Jackson State,Jackson State -12.5,,49.5,,,
2026-09-05T09:21:07.215390+00:00,historical_market_backfill,-152.352,2026,1,regular,401868110,2026-08-30 01:00:00+00:00,Montana,Southern Utah,DraftKings,-15.5,Montana,Montana -15.5,-16.5,59.5,58.5,-1080.0,620.0
2026-09-05T09:21:07.215390+00:00,historical_market_backfill,-152.352,2026,1,regular,401868110,2026-08-30 01:00:00+00:00,Montana,Southern Utah,Draft Kings,-15.5,Montana,Montana -15.5,,59.5,,,
2026-09-05T09:21:07.215390+00:00,historical_market_backfill,-152.352,2026,1,regular,401868235,2026-08-30 01:00:00+00:00,Tarleton State,Prairie View A&M,DraftKings,-19.5,Tarleton State,Tarleton State -19.5,-21.5,54.5,54.5,-1540.0,770.0
2026-09-05T09:21:07.215390+00:00,historical_market_backfill,-152.352,2026,1,regular,401868235,2026-08-30 01:00:00+00:00,Tarleton State,Prairie View A&M,Draft Kings,-19.5,Tarleton State,Tarleton State -19.5,,54.5,,,
2026-09-05T09:21:07.215390+00:00,historical_market_backfill,-151.352,2026,1,regular,401862693,2026-08-30 02:00:00+00:00,UNLV,Memphis,DraftKings,-4.0,UNLV,UNLV -4,-3.0,55.5,,-198.0,164.0
2026-09-05T09:21:07.215390+00:00,historical_market_backfill,-151.352,2026,1,regular,401862693,2026-08-30 02:00:00+00:00,UNLV,Memphis,Draft Kings,-4.5,UNLV,UNLV -4.5,,55.5,,,
2026-09-05T09:21:07.215390+00:00,historical_market_backfill,-151.352,2026,1,regular,401862693,2026-08-30 02:00:00+00:00,UNLV,Memphis,Bovada,-5.0,UNLV,UNLV -5.0,-3.0,55.5,60.5,-170.0,145.0
2026-09-05T09:21:07.215390+00:00,historical_market_backfill,-151.352,2026,1,regular,401868118,2026-08-30 02:00:00+00:00,Utah Tech,Montana State,DraftKings,32.5,Montana State,Montana State -32.5,31.5,57.5,56.5,,
2026-09-05T09:21:07.215390+00:00,historical_market_backfill,-151.352,2026,1,regular,401868118,2026-08-30 02:00:00+00:00,Utah Tech,Montana State,Draft Kings,32.5,Montana State,Montana State -32.5,,57.5,,,
2026-09-05T09:21:07.215390+00:00,historical_market_backfill,-35.352,2026,1,regular,401858423,2026-09-03 22:00:00+00:00,Rutgers,Massachusetts,Bovada,-29.0,Rutgers,Rutgers -29.0,-30.5,54.5,54.5,,
2026-09-05T09:21:07.215390+00:00,historical_market_backfill,-35.352,2026,1,regular,401858423,2026-09-03 22:00:00+00:00,Rutgers,Massachusetts,Draft Kings,-29.5,Rutgers,Rutgers -29.5,,55.5,,,
2026-09-05T09:21:07.215390+00:00,historical_market_backfill,-35.352,2026,1,regular,401858423,2026-09-03 22:00:00+00:00,Rutgers,Massachusetts,DraftKings,-29.5,Rutgers,Rutgers -29.5,-30.5,54.5,,-8000.0,2200.0
2026-09-05T09:21:07.215390+00:00,historical_market_backfill,-34.352,2026,1,regular,401856767,2026-09-03 23:00:00+00:00,UCF,Bethune-Cookman,DraftKings,-43.5,UCF,UCF -43.5,-41.5,58.5,,,
2026-09-05T09:21:07.215390+00:00,historical_market_backfill,-34.352,2026,1,regular,401856767,2026-09-03 23:00:00+00:00,UCF,Bethune-Cookman,Draft Kings,-43.5,UCF,UCF -43.5,,58.5,,,
2026-09-05T09:21:07.215390+00:00,historical_market_backfill,-34.352,2026,1,regular,401858204,2026-09-03 23:00:00+00:00,Wake Forest,Akron,Draft Kings,-27.5,Wake Forest,Wake Forest -27.5,,50.5,,,
2026-09-05T09:21:07.215390+00:00,historical_market_backfill,-34.352,2026,1,regular,401858204,2026-09-03 23:00:00+00:00,Wake Forest,Akron,Bovada,-27.5,Wake Forest,Wake Forest -27.5,-22.5,50.5,49.5,-3500.0,1100.0
2026-09-05T09:21:07.215390+00:00,historical_market_backfill,-34.352,2026,1,regular,401858204,2026-09-03 23:00:00+00:00,Wake Forest,Akron,DraftKings,-27.5,Wake Forest,Wake Forest -27.5,-22.5,50.5,,-3600.0,1500.0
2026-09-05T09:21:07.215390+00:00,historical_market_backfill,-34.352,2026,1,regular,401864424,2026-09-03 23:00:00+00:00,Delaware,Merrimack,DraftKings,-31.5,Delaware,Delaware -31.5,-28.5,56.5,55.5,-8000.0,2200.0
2026-09-05T09:21:07.215390+00:00,historical_market_backfill,-34.352,2026,1,regular,401864424,2026-09-03 23:00:00+00:00,Delaware,Merrimack,Draft Kings,-31.5,Delaware,Delaware -31.5,,56.5,,,
2026-09-05T09:21:07.215390+00:00,historical_market_backfill,-34.352,2026,1,regular,401864425,2026-09-03 23:00:00+00:00,Kennesaw State,West Georgia,DraftKings,-22.5,Kennesaw State,Kennesaw State -22.5,-22.5,50.5,51.5,-3600.0,1500.0
2026-09-05T09:21:07.215390+00:00,historical_market_backfill,-34.352,2026,1,regular,401864425,2026-09-03 23:00:00+00:00,Kennesaw State,West Georgia,Draft Kings,-22.5,Kennesaw State,Kennesaw State -22.5,,50.5,,,
2026-09-05T09:21:07.215390+00:00,historical_market_backfill,-34.352,2026,1,regular,401866409,2026-09-03 23:00:00+00:00,Buffalo,UAlbany,DraftKings,-18.5,Buffalo,Buffalo -18.5,-24.5,47.5,48.5,-1000.0,650.0
2026-09-05T09:21:07.215390+00:00,historical_market_backfill,-34.352,2026,1,regular,401866409,2026-09-03 23:00:00+00:00,Buffalo,UAlbany,Draft Kings,-18.5,Buffalo,Buffalo -18.5,,47.5,,,
2026-09-05T09:21:07.215390+00:00,historical_market_backfill,-34.352,2026,1,regular,401866622,2026-09-03 23:00:00+00:00,Stony Brook,Lindenwood,DraftKings,-4.0,Stony Brook,Stony Brook -4,-4.0,50.5,50.5,-189.0,150.0
2026-09-05T09:21:07.215390+00:00,historical_market_backfill,-34.352,2026,1,regular,401866622,2026-09-03 23:00:00+00:00,Stony Brook,Lindenwood,Draft Kings,-4.0,Stony Brook,Stony Brook -4,,50.5,,,
2026-09-05T09:21:07.215390+00:00,historical_market_backfill,-34.352,2026,1,regular,401867889,2026-09-03 23:00:00+00:00,Samford,Southern Illinois,DraftKings,20.5,Southern Illinois,Southern Illinois -20.5,24.5,54.5,49.5,730.0,-1400.0
2026-09-05T09:21:07.215390+00:00,historical_market_backfill,-34.352,2026,1,regular,401867889,2026-09-03 23:00:00+00:00,Samford,Southern Illinois,Draft Kings,20.5,Southern Illinois,Southern Illinois -20.5,,54.5,,,
2026-09-05T09:21:07.215390+00:00,historical_market_backfill,-33.352,2026,1,regular,401856663,2026-09-04 00:00:00+00:00,Missouri,Arkansas-Pine Bluff,DraftKings,-55.5,Missouri,Missouri -55.5,-54.5,62.5,60.5,,
2026-09-05T09:21:07.215390+00:00,historical_market_backfill,-33.352,2026,1,regular,401856663,2026-09-04 00:00:00+00:00,Missouri,Arkansas-Pine Bluff,Draft Kings,-55.5,Missouri,Missouri -55.5,,62.5,,,
2026-09-05T09:21:07.215390+00:00,historical_market_backfill,-33.352,2026,1,regular,401856776,2026-09-04 00:00:00+00:00,Georgia Tech,Colorado,DraftKings,-6.5,Georgia Tech,Georgia Tech -6.5,-7.0,53.5,,-238.0,195.0
2026-09-05T09:21:07.215390+00:00,historical_market_backfill,-33.352,2026,1,regular,401856776,2026-09-04 00:00:00+00:00,Georgia Tech,Colorado,Draft Kings,-6.5,Georgia Tech,Georgia Tech -6.5,,53.5,,,
2026-09-05T09:21:07.215390+00:00,historical_market_backfill,-33.352,2026,1,regular,401856776,2026-09-04 00:00:00+00:00,Georgia Tech,Colorado,Bovada,-6.5,Georgia Tech,Georgia Tech -6.5,-7.0,52.5,51.5,-290.0,240.0
2026-09-05T09:21:07.215390+00:00,historical_market_backfill,-33.352,2026,1,regular,401858422,2026-09-04 00:00:00+00:00,Minnesota,Eastern Illinois,DraftKings,-42.5,Minnesota,Minnesota -42.5,-43.5,52.5,,,
2026-09-05T09:21:07.215390+00:00,historical_market_backfill,-33.352,2026,1,regular,401858422,2026-09-04 00:00:00+00:00,Minnesota,Eastern Illinois,Draft Kings,-42.5,Minnesota,Minnesota -42.5,,52.5,,,
2026-09-05T09:21:07.215390+00:00,historical_market_backfill,-32.352,2026,1,regular,401856768,2026-09-04 01:00:00+00:00,Utah,Idaho,DraftKings,-37.5,Utah,Utah -37.5,-32.5,60.5,56.5,-100000.0,5000.0
2026-09-05T09:21:07.215390+00:00,historical_market_backfill,-32.352,2026,1,regular,401856768,2026-09-04 01:00:00+00:00,Utah,Idaho,Draft Kings,-38.5,Utah,Utah -38.5,,60.5,,,
2026-09-05T09:21:07.215390+00:00,historical_market_backfill,-32.352,2026,1,regular,401858424,2026-09-04 01:00:00+00:00,Illinois,UAB,Bovada,-26.5,Illinois,Illinois -26.5,-27.5,54.5,56.5,-8000.0,1400.0
2026-09-05T09:21:07.215390+00:00,historical_market_backfill,-32.352,2026,1,regular,401858424,2026-09-04 01:00:00+00:00,Illinois,UAB,Draft Kings,-25.5,Illinois,Illinois -25.5,,53.5,,,
2026-09-05T09:21:07.215390+00:00,historical_market_backfill,-32.352,2026,1,regular,401858424,2026-09-04 01:00:00+00:00,Illinois,UAB,DraftKings,-25.5,Illinois,Illinois -25.5,-27.5,54.5,,-3600.0,1500.0
2026-09-05T09:21:07.215390+00:00,historical_market_backfill,-10.852,2026,1,regular,401864495,2026-09-04 22:30:00+00:00,Eastern Michigan,San José State,DraftKings,-1.5,Eastern Michigan,Eastern Michigan -1.5,-3.5,55.5,,-115.0,-105.0
2026-09-05T09:21:07.215390+00:00,historical_market_backfill,-10.852,2026,1,regular,401864495,2026-09-04 22:30:00+00:00,Eastern Michigan,San José State,Draft Kings,-1.5,Eastern Michigan,Eastern Michigan -1.5,,54.5,,,
2026-09-05T09:21:07.215390+00:00,historical_market_backfill,-10.852,2026,1,regular,401864495,2026-09-04 22:30:00+00:00,Eastern Michigan,San José State,Bovada,-1.5,Eastern Michigan,Eastern Michigan -1.5,-3.5,55.0,53.5,-170.0,145.0
2026-09-05T09:21:07.215390+00:00,historical_market_backfill,-10.352,2026,1,regular,401858435,2026-09-04 23:00:00+00:00,Purdue,Indiana State,DraftKings,-34.5,Purdue,Purdue -34.5,-34.5,55.5,56.5,,
2026-09-05T09:21:07.215390+00:00,historical_market_backfill,-10.352,2026,1,regular,401858435,2026-09-04 23:00:00+00:00,Purdue,Indiana State,Bovada,-35.5,Purdue,Purdue -35.5,-35.5,56.0,56.0,,
2026-09-05T09:21:07.215390+00:00,historical_market_backfill,-10.352,2026,1,regular,401858435,2026-09-04 23:00:00+00:00,Purdue,Indiana State,Draft Kings,-35.5,Purdue,Purdue -35.5,,55.5,,,
2026-09-05T09:21:07.215390+00:00,historical_market_backfill,-10.352,2026,1,regular,401866623,2026-09-04 23:00:00+00:00,Georgia State,North Carolina A&T,DraftKings,-28.5,Georgia State,Georgia State -28.5,-28.5,58.5,63.5,-4000.0,1600.0
2026-09-05T09:21:07.215390+00:00,historical_market_backfill,-10.352,2026,1,regular,401866623,2026-09-04 23:00:00+00:00,Georgia State,North Carolina A&T,Bovada,-28.0,Georgia State,Georgia State -28.0,-28.0,61.0,61.0,,
2026-09-05T09:21:07.215390+00:00,historical_market_backfill,-10.352,2026,1,regular,401866623,2026-09-04 23:00:00+00:00,Georgia State,North Carolina A&T,Draft Kings,-28.5,Georgia State,Georgia State -28.5,,58.5,,,
2026-09-05T09:21:07.215390+00:00,historical_market_backfill,-9.352,2026,1,regular,401856664,2026-09-05 00:00:00+00:00,Oklahoma,UTEP,Draft Kings,-40.5,Oklahoma,Oklahoma -40.5,,51.5,,,
2026-09-05T09:21:07.215390+00:00,historical_market_backfill,-9.352,2026,1,regular,401856664,2026-09-05 00:00:00+00:00,Oklahoma,UTEP,Bovada,-41.0,Oklahoma,Oklahoma -41.0,-40.5,51.0,50.5,,
2026-09-05T09:21:07.215390+00:00,historical_market_backfill,-9.352,2026,1,regular,401856664,2026-09-05 00:00:00+00:00,Oklahoma,UTEP,DraftKings,-40.5,Oklahoma,Oklahoma -40.5,-40.5,51.5,,,
2026-09-05T09:21:07.215390+00:00,historical_market_backfill,-9.352,2026,1,regular,401856769,2026-09-05 00:00:00+00:00,Kansas,Long Island University,DraftKings,-44.5,Kansas,Kansas -44.5,-38.5,57.5,53.5,,
2026-09-05T09:21:07.215390+00:00,historical_market_backfill,-9.352,2026,1,regular,401856769,2026-09-05 00:00:00+00:00,Kansas,Long Island University,Bovada,-42.0,Kansas,Kansas -42.0,-42.0,54.5,54.5,,
2026-09-05T09:21:07.215390+00:00,historical_market_backfill,-9.352,2026,1,regular,401856769,2026-09-05 00:00:00+00:00,Kansas,Long Island University,Draft Kings,-44.5,Kansas,Kansas -44.5,,57.5,,,
2026-09-05T09:21:07.215390+00:00,historical_market_backfill,-9.352,2026,1,regular,401858429,2026-09-05 00:00:00+00:00,Michigan State,Toledo,Draft Kings,-10.0,Michigan State,Michigan State -10,,48.5,,,
2026-09-05T09:21:07.215390+00:00,historical_market_backfill,-9.352,2026,1,regular,401858429,2026-09-05 00:00:00+00:00,Michigan State,Toledo,Bovada,-10.0,Michigan State,Michigan State -10.0,-10.5,48.5,49.5,-410.0,305.0
2026-09-05T09:21:07.215390+00:00,historical_market_backfill,-9.352,2026,1,regular,401858429,2026-09-05 00:00:00+00:00,Michigan State,Toledo,DraftKings,-10.0,Michigan State,Michigan State -10,-10.5,48.5,,-410.0,320.0
2026-09-05T09:21:07.215390+00:00,historical_market_backfill,-8.352,2026,1,regular,401858206,2026-09-05 01:00:00+00:00,Stanford,Miami,DraftKings,24.5,Miami,Miami -24.5,21.5,46.5,,1600.0,-4000.0
2026-09-05T09:21:07.215390+00:00,historical_market_backfill,-8.352,2026,1,regular,401858206,2026-09-05 01:00:00+00:00,Stanford,Miami,Bovada,24.5,Miami,Miami -24.5,21.5,46.5,48.5,1100.0,-3500.0
2026-09-05T09:21:07.215390+00:00,historical_market_backfill,-8.352,2026,1,regular,401858206,2026-09-05 01:00:00+00:00,Stanford,Miami,Draft Kings,24.5,Miami,Miami -24.5,,46.5,,,
2026-09-05T09:21:07.215390+00:00,historical_market_backfill,-8.352,2026,1,regular,401858436,2026-09-05 01:00:00+00:00,USC,Fresno State,DraftKings,-21.5,USC,USC -21.5,-23.5,51.5,,-1800.0,1000.0
2026-09-05T09:21:07.215390+00:00,historical_market_backfill,-8.352,2026,1,regular,401858436,2026-09-05 01:00:00+00:00,USC,Fresno State,Bovada,-22.5,USC,USC -22.5,-23.0,51.0,51.5,-3500.0,1100.0
2026-09-05T09:21:07.215390+00:00,historical_market_backfill,-8.352,2026,1,regular,401858436,2026-09-05 01:00:00+00:00,USC,Fresno State,Draft Kings,-21.5,USC,USC -21.5,,51.5,,,
2026-09-05T09:21:07.215390+00:00,pregame,6.648,2026,1,regular,401856634,2026-09-05 16:00:00+00:00,Alabama,East Carolina,Bovada,-28.0,Alabama,Alabama -28.0,-25.5,52.5,53.5,-7500.0,1400.0
2026-09-05T09:21:07.215390+00:00,pregame,6.648,2026,1,regular,401856634,2026-09-05 16:00:00+00:00,Alabama,East Carolina,DraftKings,-27.5,Alabama,Alabama -27.5,-25.5,52.5,,-6500.0,2000.0
2026-09-06T10:23:56.277410+00:00,historical_market_backfill,-18.399,2026,1,regular,401856634,2026-09-05 16:00:00+00:00,Alabama,East Carolina,Bovada,-28.0,Alabama,Alabama -28.0,-25.5,52.5,53.5,-7500.0,1400.0
2026-09-06T10:23:56.277410+00:00,historical_market_backfill,-18.399,2026,1,regular,401856634,2026-09-05 16:00:00+00:00,Alabama,East Carolina,DraftKings,-27.5,Alabama,Alabama -27.5,-25.5,52.5,,-5000.0,1800.0
2026-09-06T10:23:56.277410+00:00,historical_market_backfill,-18.399,2026,1,regular,401856634,2026-09-05 16:00:00+00:00,Alabama,East Carolina,Draft Kings,-28.5,Alabama,Alabama -28.5,,52.5,,,
2026-09-05T09:21:07.215390+00:00,pregame,6.648,2026,1,regular,401856778,2026-09-05 16:00:00+00:00,Houston,Oregon State,Bovada,-20.5,Houston,Houston -20.5,-18.5,50.5,51.5,-1300.0,725.0
2026-09-05T09:21:07.215390+00:00,pregame,6.648,2026,1,regular,401856778,2026-09-05 16:00:00+00:00,Houston,Oregon State,DraftKings,-21.0,Houston,Houston -21,-18.5,50.5,,-1800.0,1000.0
2026-09-06T10:23:56.277410+00:00,historical_market_backfill,-18.399,2026,1,regular,401856778,2026-09-05 16:00:00+00:00,Houston,Oregon State,Bovada,-20.5,Houston,Houston -20.5,-18.5,50.5,51.5,-1300.0,725.0
2026-09-06T10:23:56.277410+00:00,historical_market_backfill,-18.399,2026,1,regular,401856778,2026-09-05 16:00:00+00:00,Houston,Oregon State,DraftKings,-21.0,Houston,Houston -21,-18.5,50.5,,-1450.0,850.0
2026-09-06T10:23:56.277410+00:00,historical_market_backfill,-18.399,2026,1,regular,401856778,2026-09-05 16:00:00+00:00,Houston,Oregon State,Draft Kings,-21.0,Houston,Houston -21,,50.5,,,
2026-09-05T09:21:07.215390+00:00,pregame,6.648,2026,1,regular,401856780,2026-09-05 16:00:00+00:00,West Virginia,Coastal Carolina,Bovada,-21.0,West Virginia,West Virginia -21.0,-17.5,55.0,57.5,-1725.0,-100000.0
2026-09-05T09:21:07.215390+00:00,pregame,6.648,2026,1,regular,401856780,2026-09-05 16:00:00+00:00,West Virginia,Coastal Carolina,DraftKings,-21.0,West Virginia,West Virginia -21,-17.5,54.5,,-1600.0,900.0
2026-09-06T10:23:56.277410+00:00,historical_market_backfill,-18.399,2026,1,regular,401856780,2026-09-05 16:00:00+00:00,West Virginia,Coastal Carolina,Bovada,-21.0,West Virginia,West Virginia -21.0,-17.5,54.5,57.5,-1725.0,-100000.0
2026-09-06T10:23:56.277410+00:00,historical_market_backfill,-18.399,2026,1,regular,401856780,2026-09-05 16:00:00+00:00,West Virginia,Coastal Carolina,Draft Kings,-21.0,West Virginia,West Virginia -21,,54.5,,,
2026-09-06T10:23:56.277410+00:00,historical_market_backfill,-18.399,2026,1,regular,401856780,2026-09-05 16:00:00+00:00,West Virginia,Coastal Carolina,DraftKings,-21.0,West Virginia,West Virginia -21,-17.5,54.5,,-1450.0,850.0
2026-09-05T09:21:07.215390+00:00,pregame,6.648,2026,1,regular,401858208,2026-09-05 16:00:00+00:00,Syracuse,New Hampshire,DraftKings,-34.5,Syracuse,Syracuse -34.5,-32.5,55.5,55.5,-100000.0,5000.0
2026-09-05T09:21:07.215390+00:00,pregame,6.648,2026,1,regular,401858208,2026-09-05 16:00:00+00:00,Syracuse,New Hampshire,Bovada,-34.5,Syracuse,Syracuse -34.5,-34.5,55.0,55.0,,
2026-09-06T10:23:56.277410+00:00,historical_market_backfill,-18.399,2026,1,regular,401858208,2026-09-05 16:00:00+00:00,Syracuse,New Hampshire,DraftKings,-35.5,Syracuse,Syracuse -35.5,-32.5,56.5,55.5,-100000.0,5000.0
2026-09-06T10:23:56.277410+00:00,historical_market_backfill,-18.399,2026,1,regular,401858208,2026-09-05 16:00:00+00:00,Syracuse,New Hampshire,Bovada,-34.5,Syracuse,Syracuse -34.5,-34.5,55.5,55.0,,
2026-09-06T10:23:56.277410+00:00,historical_market_backfill,-18.399,2026,1,regular,401858208,2026-09-05 16:00:00+00:00,Syracuse,New Hampshire,Draft Kings,-35.5,Syracuse,Syracuse -35.5,,56.5,,,
2026-09-05T09:21:07.215390+00:00,pregame,6.648,2026,1,regular,401858425,2026-09-05 16:00:00+00:00,Indiana,North Texas,DraftKings,-40.5,Indiana,Indiana -40.5,-40.5,56.5,,,
2026-09-05T09:21:07.215390+00:00,pregame,6.648,2026,1,regular,401858425,2026-09-05 16:00:00+00:00,Indiana,North Texas,Bovada,-41.0,Indiana,Indiana -41.0,-40.5,57.0,55.5,,
2026-09-06T10:23:56.277410+00:00,historical_market_backfill,-18.399,2026,1,regular,401858425,2026-09-05 16:00:00+00:00,Indiana,North Texas,DraftKings,-39.5,Indiana,Indiana -39.5,-40.5,56.5,,,
2026-09-06T10:23:56.277410+00:00,historical_market_backfill,-18.399,2026,1,regular,401858425,2026-09-05 16:00:00+00:00,Indiana,North Texas,Draft Kings,-39.5,Indiana,Indiana -39.5,,57.5,,,
2026-09-06T10:23:56.277410+00:00,historical_market_backfill,-18.399,2026,1,regular,401858425,2026-09-05 16:00:00+00:00,Indiana,North Texas,Bovada,-40.5,Indiana,Indiana -40.5,-40.5,56.0,55.5,,
2026-09-05T09:21:07.215390+00:00,pregame,6.648,2026,1,regular,401858430,2026-09-05 16:00:00+00:00,Nebraska,Ohio,DraftKings,-23.5,Nebraska,Nebraska -23.5,-23.5,46.5,,-3200.0,1400.0
2026-09-05T09:21:07.215390+00:00,pregame,6.648,2026,1,regular,401858430,2026-09-05 16:00:00+00:00,Nebraska,Ohio,Bovada,-23.5,Nebraska,Nebraska -23.5,-23.5,46.0,47.5,-2800.0,1100.0
2026-09-06T10:23:56.277410+00:00,historical_market_backfill,-18.399,2026,1,regular,401858430,2026-09-05 16:00:00+00:00,Nebraska,Ohio,DraftKings,-23.5,Nebraska,Nebraska -23.5,-23.5,47.5,,-2100.0,1100.0
2026-09-06T10:23:56.277410+00:00,historical_market_backfill,-18.399,2026,1,regular,401858430,2026-09-05 16:00:00+00:00,Nebraska,Ohio,Draft Kings,-23.5,Nebraska,Nebraska -23.5,,47.5,,,
2026-09-06T10:23:56.277410+00:00,historical_market_backfill,-18.399,2026,1,regular,401858430,2026-09-05 16:00:00+00:00,Nebraska,Ohio,Bovada,-24.0,Nebraska,Nebraska -24.0,-23.5,46.5,47.5,-2800.0,1100.0
2026-09-05T09:21:07.215390+00:00,pregame,6.648,2026,1,regular,401861962,2026-09-05 16:00:00+00:00,UConn,Lafayette,DraftKings,-19.5,UConn,UConn -19.5,-19.5,51.5,58.5,-1350.0,800.0
2026-09-05T09:21:07.215390+00:00,pregame,6.648,2026,1,regular,401861962,2026-09-05 16:00:00+00:00,UConn,Lafayette,Bovada,-19.5,UConn,UConn -19.5,-19.5,51.5,51.5,-1300.0,725.0
2026-09-06T10:23:56.277410+00:00,historical_market_backfill,-18.399,2026,1,regular,401861962,2026-09-05 16:00:00+00:00,UConn,Lafayette,DraftKings,-21.5,UConn,UConn -21.5,-19.5,51.5,58.5,-1800.0,1000.0
2026-09-06T10:23:56.277410+00:00,historical_market_backfill,-18.399,2026,1,regular,401861962,2026-09-05 16:00:00+00:00,UConn,Lafayette,Bovada,-19.5,UConn,UConn -19.5,-19.5,51.5,51.5,-1300.0,725.0
2026-09-06T10:23:56.277410+00:00,historical_market_backfill,-18.399,2026,1,regular,401861962,2026-09-05 16:00:00+00:00,UConn,Lafayette,Draft Kings,-21.5,UConn,UConn -21.5,,51.5,,,
2026-09-05T09:21:07.215390+00:00,pregame,6.648,2026,1,regular,401862701,2026-09-05 16:00:00+00:00,Army,Bryant,DraftKings,-37.5,Army,Army -37.5,-36.5,50.5,,,
2026-09-05T09:21:07.215390+00:00,pregame,6.648,2026,1,regular,401862701,2026-09-05 16:00:00+00:00,Army,Bryant,Bovada,-37.0,Army,Army -37.0,-37.0,50.5,50.5,,
2026-09-06T10:23:56.277410+00:00,historical_market_backfill,-18.399,2026,1,regular,401862701,2026-09-05 16:00:00+00:00,Army,Bryant,DraftKings,-37.5,Army,Army -37.5,-36.5,51.5,,,
2026-09-06T10:23:56.277410+00:00,historical_market_backfill,-18.399,2026,1,regular,401862701,2026-09-05 16:00:00+00:00,Army,Bryant,Bovada,-37.0,Army,Army -37.0,-37.0,50.5,50.5,,
2026-09-06T10:23:56.277410+00:00,historical_market_backfill,-18.399,2026,1,regular,401862701,2026-09-05 16:00:00+00:00,Army,Bryant,Draft Kings,-37.5,Army,Army -37.5,,51.5,,,
2026-09-05T09:21:07.215390+00:00,pregame,6.648,2026,1,regular,401866410,2026-09-05 16:00:00+00:00,Bowling Green,Tarleton State,DraftKings,-1.5,Bowling Green,Bowling Green -1.5,-2.5,47.5,47.5,-125.0,105.0
2026-09-05T09:21:07.215390+00:00,pregame,6.648,2026,1,regular,401866410,2026-09-05 16:00:00+00:00,Bowling Green,Tarleton State,Bovada,-2.0,Bowling Green,Bowling Green -2.0,-2.0,48.0,48.0,-125.0,105.0
2026-09-06T10:23:56.277410+00:00,historical_market_backfill,-18.399,2026,1,regular,401866410,2026-09-05 16:00:00+00:00,Bowling Green,Tarleton State,DraftKings,-1.5,Bowling Green,Bowling Green -1.5,-2.5,49.5,47.5,-120.0,100.0
2026-09-06T10:23:56.277410+00:00,historical_market_backfill,-18.399,2026,1,regular,401866410,2026-09-05 16:00:00+00:00,Bowling Green,Tarleton State,Bovada,-2.0,Bowling Green,Bowling Green -2.0,-2.0,48.0,48.0,-125.0,105.0
2026-09-06T10:23:56.277410+00:00,historical_market_backfill,-18.399,2026,1,regular,401866410,2026-09-05 16:00:00+00:00,Bowling Green,Tarleton State,Draft Kings,-1.5,Bowling Green,Bowling Green -1.5,,49.5,,,
2026-09-05T09:21:07.215390+00:00,pregame,6.648,2026,1,regular,401867924,2026-09-05 16:00:00+00:00,New Haven,Stonehill,DraftKings,-7.0,New Haven,New Haven -7,-7.0,41.5,41.5,-273.0,212.0
2026-09-06T10:23:56.277410+00:00,historical_market_backfill,-18.399,2026,1,regular,401867924,2026-09-05 16:00:00+00:00,New Haven,Stonehill,DraftKings,-6.5,New Haven,New Haven -6.5,-7.0,42.5,41.5,-226.0,178.0
2026-09-06T10:23:56.277410+00:00,historical_market_backfill,-18.399,2026,1,regular,401867924,2026-09-05 16:00:00+00:00,New Haven,Stonehill,Draft Kings,-6.5,New Haven,New Haven -6.5,,42.5,,,
2026-09-05T09:21:07.215390+00:00,pregame,6.648,2026,1,regular,401869960,2026-09-05 16:00:00+00:00,James Madison,Liberty,DraftKings,-6.0,James Madison,James Madison -6,-6.0,50.5,,-225.0,185.0
2026-09-05T09:21:07.215390+00:00,pregame,6.648,2026,1,regular,401869960,2026-09-05 16:00:00+00:00,James Madison,Liberty,Bovada,-6.0,James Madison,James Madison -6.0,-6.0,50.5,50.5,-250.0,210.0
2026-09-06T10:23:56.277410+00:00,historical_market_backfill,-18.399,2026,1,regular,401869960,2026-09-05 16:00:00+00:00,James Madison,Liberty,DraftKings,-6.0,James Madison,James Madison -6,-6.0,50.5,,-225.0,185.0
2026-09-06T10:23:56.277410+00:00,historical_market_backfill,-18.399,2026,1,regular,401869960,2026-09-05 16:00:00+00:00,James Madison,Liberty,Bovada,-6.0,James Madison,James Madison -6.0,-6.0,50.5,50.5,-250.0,210.0
2026-09-06T10:23:56.277410+00:00,historical_market_backfill,-18.399,2026,1,regular,401869960,2026-09-05 16:00:00+00:00,James Madison,Liberty,Draft Kings,-6.0,James Madison,James Madison -6,,50.5,,,
2026-09-05T09:21:07.215390+00:00,pregame,7.148,2026,1,regular,401858207,2026-09-05 16:30:00+00:00,Pittsburgh,Miami (OH),Bovada,-16.0,Pittsburgh,Pittsburgh -16.0,-16.5,47.0,50.5,-800.0,525.0
2026-09-05T09:21:07.215390+00:00,pregame,7.148,2026,1,regular,401858207,2026-09-05 16:30:00+00:00,Pittsburgh,Miami (OH),DraftKings,-16.5,Pittsburgh,Pittsburgh -16.5,-16.5,47.5,,-800.0,550.0
2026-09-06T10:23:56.277410+00:00,historical_market_backfill,-17.899,2026,1,regular,401858207,2026-09-05 16:30:00+00:00,Pittsburgh,Miami (OH),Bovada,-16.0,Pittsburgh,Pittsburgh -16.0,-16.5,47.0,50.5,-800.0,525.0
2026-09-06T10:23:56.277410+00:00,historical_market_backfill,-17.899,2026,1,regular,401858207,2026-09-05 16:30:00+00:00,Pittsburgh,Miami (OH),Draft Kings,-16.5,Pittsburgh,Pittsburgh -16.5,,47.5,,,
2026-09-06T10:23:56.277410+00:00,historical_market_backfill,-17.899,2026,1,regular,401858207,2026-09-05 16:30:00+00:00,Pittsburgh,Miami (OH),DraftKings,-16.5,Pittsburgh,Pittsburgh -16.5,-16.5,47.5,,-850.0,575.0
2026-09-05T09:21:07.215390+00:00,pregame,7.148,2026,1,regular,401858432,2026-09-05 16:30:00+00:00,Ohio State,Ball State,Bovada,-51.0,Ohio State,Ohio State -51.0,-50.5,56.5,56.5,,
2026-09-05T09:21:07.215390+00:00,pregame,7.148,2026,1,regular,401858432,2026-09-05 16:30:00+00:00,Ohio State,Ball State,DraftKings,-49.5,Ohio State,Ohio State -49.5,-49.5,56.5,,,
2026-09-06T10:23:56.277410+00:00,historical_market_backfill,-17.899,2026,1,regular,401858432,2026-09-05 16:30:00+00:00,Ohio State,Ball State,Draft Kings,-50.5,Ohio State,Ohio State -50.5,,55.5,,,
2026-09-06T10:23:56.277410+00:00,historical_market_backfill,-17.899,2026,1,regular,401858432,2026-09-05 16:30:00+00:00,Ohio State,Ball State,DraftKings,-49.5,Ohio State,Ohio State -49.5,-49.5,55.5,,,
2026-09-06T10:23:56.277410+00:00,historical_market_backfill,-17.899,2026,1,regular,401858432,2026-09-05 16:30:00+00:00,Ohio State,Ball State,Bovada,-51.0,Ohio State,Ohio State -51.0,-50.5,56.5,56.5,,
2026-09-05T09:21:07.215390+00:00,pregame,7.148,2026,1,regular,401868017,2026-09-05 16:30:00+00:00,Georgetown,Lehigh,DraftKings,21.5,Lehigh,Lehigh -21.5,20.5,49.5,49.5,830.0,-1740.0
2026-09-06T10:23:56.277410+00:00,historical_market_backfill,-17.899,2026,1,regular,401868017,2026-09-05 16:30:00+00:00,Georgetown,Lehigh,DraftKings,22.5,Lehigh,Lehigh -22.5,20.5,46.5,49.5,870.0,-1920.0
2026-09-06T10:23:56.277410+00:00,historical_market_backfill,-17.899,2026,1,regular,401868017,2026-09-05 16:30:00+00:00,Georgetown,Lehigh,Draft Kings,22.5,Lehigh,Lehigh -22.5,,46.5,,,
2026-09-05T09:21:07.215390+00:00,pregame,7.398,2026,1,regular,401856665,2026-09-05 16:45:00+00:00,South Carolina,Kent State,Bovada,-36.5,South Carolina,South Carolina -36.5,-34.5,53.5,52.5,-100000.0,-100000.0
2026-09-05T09:21:07.215390+00:00,pregame,7.398,2026,1,regular,401856665,2026-09-05 16:45:00+00:00,South Carolina,Kent State,DraftKings,-35.5,South Carolina,South Carolina -35.5,-33.5,53.5,,-100000.0,5000.0
2026-09-06T10:23:56.277410+00:00,historical_market_backfill,-17.649,2026,1,regular,401856665,2026-09-05 16:45:00+00:00,South Carolina,Kent State,Bovada,-36.5,South Carolina,South Carolina -36.5,-34.5,53.5,52.5,-100000.0,-100000.0
2026-09-06T10:23:56.277410+00:00,historical_market_backfill,-17.649,2026,1,regular,401856665,2026-09-05 16:45:00+00:00,South Carolina,Kent State,Draft Kings,-35.5,South Carolina,South Carolina -35.5,,52.5,,,
2026-09-06T10:23:56.277410+00:00,historical_market_backfill,-17.649,2026,1,regular,401856665,2026-09-05 16:45:00+00:00,South Carolina,Kent State,DraftKings,-35.5,South Carolina,South Carolina -35.5,-33.5,53.5,,-50000.0,4000.0
2026-09-05T09:21:07.215390+00:00,pregame,7.648,2026,1,regular,401856659,2026-09-05 17:00:00+00:00,Kentucky,Youngstown State,DraftKings,-22.5,Kentucky,Kentucky -22.5,-23.5,62.5,62.5,-1600.0,900.0
2026-09-05T09:21:07.215390+00:00,pregame,7.648,2026,1,regular,401856659,2026-09-05 17:00:00+00:00,Kentucky,Youngstown State,Bovada,-23.0,Kentucky,Kentucky -23.0,-23.0,62.5,62.5,-2200.0,1000.0
2026-09-06T10:23:56.277410+00:00,historical_market_backfill,-17.399,2026,1,regular,401856659,2026-09-05 17:00:00+00:00,Kentucky,Youngstown State,DraftKings,-22.5,Kentucky,Kentucky -22.5,-23.5,61.5,62.5,-1600.0,900.0
2026-09-06T10:23:56.277410+00:00,historical_market_backfill,-17.399,2026,1,regular,401856659,2026-09-05 17:00:00+00:00,Kentucky,Youngstown State,Bovada,-22.0,Kentucky,Kentucky -22.0,-23.0,62.5,62.5,-2200.0,1000.0
2026-09-06T10:23:56.277410+00:00,historical_market_backfill,-17.399,2026,1,regular,401856659,2026-09-05 17:00:00+00:00,Kentucky,Youngstown State,Draft Kings,-22.5,Kentucky,Kentucky -22.5,,61.5,,,
2026-09-05T09:21:07.215390+00:00,pregame,7.648,2026,1,regular,401856779,2026-09-05 17:00:00+00:00,Iowa State,Southeast Missouri State,DraftKings,-30.5,Iowa State,Iowa State -30.5,-29.5,53.5,53.5,-50000.0,4000.0
2026-09-06T10:23:56.277410+00:00,historical_market_backfill,-17.399,2026,1,regular,401856779,2026-09-05 17:00:00+00:00,Iowa State,Southeast Missouri State,DraftKings,-29.5,Iowa State,Iowa State -29.5,-29.5,52.5,53.5,-9000.0,2500.0
2026-09-06T10:23:56.277410+00:00,historical_market_backfill,-17.399,2026,1,regular,401856779,2026-09-05 17:00:00+00:00,Iowa State,Southeast Missouri State,Draft Kings,-29.5,Iowa State,Iowa State -29.5,,52.5,,,
2026-09-05T09:21:07.215390+00:00,pregame,7.648,2026,1,regular,401864496,2026-09-05 17:00:00+00:00,Air Force,Duquesne,DraftKings,-29.5,Air Force,Air Force -29.5,-30.5,57.5,58.5,-6500.0,2000.0
2026-09-05T09:21:07.215390+00:00,pregame,7.648,2026,1,regular,401864496,2026-09-05 17:00:00+00:00,Air Force,Duquesne,Bovada,-28.5,Air Force,Air Force -28.5,-28.5,57.5,57.5,,
2026-09-06T10:23:56.277410+00:00,historical_market_backfill,-17.399,2026,1,regular,401864496,2026-09-05 17:00:00+00:00,Air Force,Duquesne,Bovada,-28.5,Air Force,Air Force -28.5,-28.5,57.5,57.5,,
2026-09-06T10:23:56.277410+00:00,historical_market_backfill,-17.399,2026,1,regular,401864496,2026-09-05 17:00:00+00:00,Air Force,Duquesne,DraftKings,-31.5,Air Force,Air Force -31.5,-30.5,55.5,58.5,-6500.0,2000.0
2026-09-06T10:23:56.277410+00:00,historical_market_backfill,-17.399,2026,1,regular,401864496,2026-09-05 17:00:00+00:00,Air Force,Duquesne,Draft Kings,-31.5,Air Force,Air Force -31.5,,55.5,,,
2026-09-05T09:21:07.215390+00:00,pregame,7.648,2026,1,regular,401868000,2026-09-05 17:00:00+00:00,Colgate,Holy Cross,DraftKings,-4.5,Colgate,Colgate -4.5,-4.5,47.5,47.5,-181.0,144.0
2026-09-06T10:23:56.277410+00:00,historical_market_backfill,-17.399,2026,1,regular,401868000,2026-09-05 17:00:00+00:00,Colgate,Holy Cross,DraftKings,-4.5,Colgate,Colgate -4.5,-4.5,49.5,47.5,-185.0,147.0
2026-09-06T10:23:56.277410+00:00,historical_market_backfill,-17.399,2026,1,regular,401868000,2026-09-05 17:00:00+00:00,Colgate,Holy Cross,Draft Kings,-4.5,Colgate,Colgate -4.5,,49.5,,,
2026-09-05T09:21:07.215390+00:00,pregame,8.148,2026,1,regular,401868186,2026-09-05 17:30:00+00:00,Wofford,Gardner-Webb,DraftKings,-7.0,Wofford,Wofford -7,-7.0,47.5,47.5,-294.0,226.0
2026-09-06T10:23:56.277410+00:00,historical_market_backfill,-16.899,2026,1,regular,401868186,2026-09-05 17:30:00+00:00,Wofford,Gardner-Webb,DraftKings,-8.5,Wofford,Wofford -8.5,-7.0,50.5,47.5,-300.0,230.0
2026-09-06T10:23:56.277410+00:00,historical_market_backfill,-16.899,2026,1,regular,401868186,2026-09-05 17:30:00+00:00,Wofford,Gardner-Webb,Draft Kings,-8.5,Wofford,Wofford -8.5,,50.5,,,
2026-09-05T09:21:07.215390+00:00,pregame,8.648,2026,1,regular,401862698,2026-09-05 18:00:00+00:00,Temple,Rhode Island,DraftKings,-14.5,Temple,Temple -14.5,-10.0,51.5,51.5,-700.0,500.0
2026-09-05T09:21:07.215390+00:00,pregame,8.648,2026,1,regular,401862698,2026-09-05 18:00:00+00:00,Temple,Rhode Island,Bovada,-14.5,Temple,Temple -14.5,-14.5,51.0,51.0,-700.0,475.0
2026-09-06T10:23:56.277410+00:00,historical_market_backfill,-16.399,2026,1,regular,401862698,2026-09-05 18:00:00+00:00,Temple,Rhode Island,DraftKings,-14.5,Temple,Temple -14.5,-10.0,51.5,51.5,-700.0,500.0
2026-09-06T10:23:56.277410+00:00,historical_market_backfill,-16.399,2026,1,regular,401862698,2026-09-05 18:00:00+00:00,Temple,Rhode Island,Bovada,-14.5,Temple,Temple -14.5,-14.5,51.0,51.0,-700.0,475.0
2026-09-06T10:23:56.277410+00:00,historical_market_backfill,-16.399,2026,1,regular,401862698,2026-09-05 18:00:00+00:00,Temple,Rhode Island,Draft Kings,-14.5,Temple,Temple -14.5,,51.5,,,
2026-09-05T09:21:07.215390+00:00,pregame,8.648,2026,1,regular,401866624,2026-09-05 18:00:00+00:00,Monmouth,Sacred Heart,DraftKings,-15.5,Monmouth,Monmouth -15.5,-15.5,58.5,58.5,-740.0,481.0
2026-09-06T10:23:56.277410+00:00,historical_market_backfill,-16.399,2026,1,regular,401866624,2026-09-05 18:00:00+00:00,Monmouth,Sacred Heart,DraftKings,-12.5,Monmouth,Monmouth -12.5,-15.5,58.5,58.5,-640.0,432.0
2026-09-06T10:23:56.277410+00:00,historical_market_backfill,-16.399,2026,1,regular,401866624,2026-09-05 18:00:00+00:00,Monmouth,Sacred Heart,Draft Kings,-11.5,Monmouth,Monmouth -11.5,,58.5,,,
2026-09-05T09:21:07.215390+00:00,pregame,9.648,2026,1,regular,401856658,2026-09-05 19:00:00+00:00,Georgia,Tennessee State,DraftKings,-46.5,Georgia,Georgia -46.5,-46.5,54.5,56.5,,
2026-09-05T09:21:07.215390+00:00,pregame,9.648,2026,1,regular,401856658,2026-09-05 19:00:00+00:00,Georgia,Tennessee State,Bovada,-48.0,Georgia,Georgia -48.0,-48.0,54.5,54.5,,
2026-09-06T10:23:56.277410+00:00,historical_market_backfill,-15.399,2026,1,regular,401856658,2026-09-05 19:00:00+00:00,Georgia,Tennessee State,DraftKings,-49.5,Georgia,Georgia -49.5,-46.5,55.5,56.5,,
2026-09-06T10:23:56.277410+00:00,historical_market_backfill,-15.399,2026,1,regular,401856658,2026-09-05 19:00:00+00:00,Georgia,Tennessee State,Draft Kings,-49.5,Georgia,Georgia -49.5,,55.5,,,
2026-09-06T10:23:56.277410+00:00,historical_market_backfill,-15.399,2026,1,regular,401856658,2026-09-05 19:00:00+00:00,Georgia,Tennessee State,Bovada,-49.0,Georgia,Georgia -49.0,-48.0,55.0,54.5,,
2026-09-05T09:21:07.215390+00:00,pregame,9.648,2026,1,regular,401868111,2026-09-05 19:00:00+00:00,Montana,Drake,DraftKings,-35.5,Montana,Montana -35.5,-34.5,57.5,57.5,,
2026-09-06T10:23:56.277410+00:00,historical_market_backfill,-15.399,2026,1,regular,401868111,2026-09-05 19:00:00+00:00,Montana,Drake,DraftKings,-35.5,Montana,Montana -35.5,-34.5,60.5,57.5,,
2026-09-06T10:23:56.277410+00:00,historical_market_backfill,-15.399,2026,1,regular,401868111,2026-09-05 19:00:00+00:00,Montana,Drake,Draft Kings,-35.5,Montana,Montana -35.5,,60.5,,,
2026-09-05T09:21:07.215390+00:00,pregame,10.148,2026,1,regular,401856636,2026-09-05 19:30:00+00:00,Auburn,Baylor,DraftKings,-7.5,Auburn,Auburn -7.5,-6.5,59.5,,-285.0,230.0
2026-09-05T09:21:07.215390+00:00,pregame,10.148,2026,1,regular,401856636,2026-09-05 19:30:00+00:00,Auburn,Baylor,Bovada,-7.5,Auburn,Auburn -7.5,-7.5,59.5,58.5,-270.0,220.0
2026-09-06T10:23:56.277410+00:00,historical_market_backfill,-14.899,2026,1,regular,401856636,2026-09-05 19:30:00+00:00,Auburn,Baylor,DraftKings,-6.5,Auburn,Auburn -6.5,-6.5,58.5,,-270.0,220.0
2026-09-06T10:23:56.277410+00:00,historical_market_backfill,-14.899,2026,1,regular,401856636,2026-09-05 19:30:00+00:00,Auburn,Baylor,Bovada,-6.5,Auburn,Auburn -6.5,-7.5,58.5,58.5,-270.0,220.0
2026-09-06T10:23:56.277410+00:00,historical_market_backfill,-14.899,2026,1,regular,401856636,2026-09-05 19:30:00+00:00,Auburn,Baylor,Draft Kings,-6.5,Auburn,Auburn -6.5,,58.5,,,
2026-09-05T09:21:07.215390+00:00,pregame,10.148,2026,1,regular,401856666,2026-09-05 19:30:00+00:00,Tennessee,Furman,DraftKings,-48.5,Tennessee,Tennessee -48.5,-46.5,66.5,66.5,,
2026-09-05T09:21:07.215390+00:00,pregame,10.148,2026,1,regular,401856666,2026-09-05 19:30:00+00:00,Tennessee,Furman,Bovada,-48.0,Tennessee,Tennessee -48.0,-48.0,67.0,66.5,,
2026-09-06T10:23:56.277410+00:00,historical_market_backfill,-14.899,2026,1,regular,401856666,2026-09-05 19:30:00+00:00,Tennessee,Furman,DraftKings,-49.5,Tennessee,Tennessee -49.5,-46.5,66.5,66.5,,
2026-09-06T10:23:56.277410+00:00,historical_market_backfill,-14.899,2026,1,regular,401856666,2026-09-05 19:30:00+00:00,Tennessee,Furman,Draft Kings,-49.5,Tennessee,Tennessee -49.5,,66.5,,,
2026-09-06T10:23:56.277410+00:00,historical_market_backfill,-14.899,2026,1,regular,401856666,2026-09-05 19:30:00+00:00,Tennessee,Furman,Bovada,-49.0,Tennessee,Tennessee -49.0,-48.0,66.5,66.5,,
2026-09-05T09:21:07.215390+00:00,pregame,10.148,2026,1,regular,401856667,2026-09-05 19:30:00+00:00,Texas,Texas State,DraftKings,-29.5,Texas,Texas -29.5,-30.5,59.5,,-8000.0,2200.0
2026-09-05T09:21:07.215390+00:00,pregame,10.148,2026,1,regular,401856667,2026-09-05 19:30:00+00:00,Texas,Texas State,Bovada,-29.5,Texas,Texas -29.5,-30.5,60.0,59.5,-10000.0,2500.0
2026-09-06T10:23:56.277410+00:00,historical_market_backfill,-14.899,2026,1,regular,401856667,2026-09-05 19:30:00+00:00,Texas,Texas State,DraftKings,-29.5,Texas,Texas -29.5,-30.5,60.5,,-9000.0,2500.0
2026-09-06T10:23:56.277410+00:00,historical_market_backfill,-14.899,2026,1,regular,401856667,2026-09-05 19:30:00+00:00,Texas,Texas State,Draft Kings,-29.5,Texas,Texas -29.5,,61.5,,,
2026-09-06T10:23:56.277410+00:00,historical_market_backfill,-14.899,2026,1,regular,401856667,2026-09-05 19:30:00+00:00,Texas,Texas State,Bovada,-29.5,Texas,Texas -29.5,-30.5,60.0,59.5,-10000.0,2500.0
2026-09-05T09:21:07.215390+00:00,pregame,10.148,2026,1,regular,401856777,2026-09-05 19:30:00+00:00,Cincinnati,Boston College,DraftKings,-7.5,Cincinnati,Cincinnati -7.5,-9.5,50.5,,-305.0,245.0
2026-09-05T09:21:07.215390+00:00,pregame,10.148,2026,1,regular,401856777,2026-09-05 19:30:00+00:00,Cincinnati,Boston College,Bovada,-7.5,Cincinnati,Cincinnati -7.5,-9.5,50.0,54.5,-270.0,220.0
2026-09-06T10:23:56.277410+00:00,historical_market_backfill,-14.899,2026,1,regular,401856777,2026-09-05 19:30:00+00:00,Cincinnati,Boston College,DraftKings,-7.0,Cincinnati,Cincinnati -7,-9.5,51.5,,-278.0,225.0
2026-09-06T10:23:56.277410+00:00,historical_market_backfill,-14.899,2026,1,regular,401856777,2026-09-05 19:30:00+00:00,Cincinnati,Boston College,Draft Kings,-7.0,Cincinnati,Cincinnati -7,,51.5,,,
2026-09-06T10:23:56.277410+00:00,historical_market_backfill,-14.899,2026,1,regular,401856777,2026-09-05 19:30:00+00:00,Cincinnati,Boston College,Bovada,-7.0,Cincinnati,Cincinnati -7.0,-9.5,51.0,54.5,-270.0,220.0
2026-09-05T09:21:07.215390+00:00,pregame,10.148,2026,1,regular,401858209,2026-09-05 19:30:00+00:00,Duke,Tulane,DraftKings,-7.5,Duke,Duke -7.5,-8.5,51.5,,-325.0,260.0
2026-09-05T09:21:07.215390+00:00,pregame,10.148,2026,1,regular,401858209,2026-09-05 19:30:00+00:00,Duke,Tulane,Bovada,-7.5,Duke,Duke -7.5,-8.5,50.5,53.5,-480.0,350.0
2026-09-06T10:23:56.277410+00:00,historical_market_backfill,-14.899,2026,1,regular,401858209,2026-09-05 19:30:00+00:00,Duke,Tulane,DraftKings,-9.5,Duke,Duke -9.5,-8.5,51.5,,-380.0,300.0
2026-09-06T10:23:56.277410+00:00,historical_market_backfill,-14.899,2026,1,regular,401858209,2026-09-05 19:30:00+00:00,Duke,Tulane,Bovada,-8.0,Duke,Duke -8.0,-8.5,50.5,53.5,-480.0,350.0
2026-09-06T10:23:56.277410+00:00,historical_market_backfill,-14.899,2026,1,regular,401858209,2026-09-05 19:30:00+00:00,Duke,Tulane,Draft Kings,-9.5,Duke,Duke -9.5,,51.5,,,
2026-09-05T09:21:07.215390+00:00,pregame,10.148,2026,1,regular,401858433,2026-09-05 19:30:00+00:00,Oregon,Boise State,DraftKings,-24.5,Oregon,Oregon -24.5,-24.5,51.5,,-3200.0,1400.0
2026-09-05T09:21:07.215390+00:00,pregame,10.148,2026,1,regular,401858433,2026-09-05 19:30:00+00:00,Oregon,Boise State,Bovada,-25.0,Oregon,Oregon -25.0,-24.5,51.5,53.5,-3300.0,1100.0
2026-09-06T10:23:56.277410+00:00,historical_market_backfill,-14.899,2026,1,regular,401858433,2026-09-05 19:30:00+00:00,Oregon,Boise State,DraftKings,-24.5,Oregon,Oregon -24.5,-24.5,52.5,,-2800.0,1300.0
2026-09-06T10:23:56.277410+00:00,historical_market_backfill,-14.899,2026,1,regular,401858433,2026-09-05 19:30:00+00:00,Oregon,Boise State,Bovada,-25.0,Oregon,Oregon -25.0,-24.5,51.5,53.5,-3300.0,1100.0
2026-09-06T10:23:56.277410+00:00,historical_market_backfill,-14.899,2026,1,regular,401858433,2026-09-05 19:30:00+00:00,Oregon,Boise State,Draft Kings,-24.5,Oregon,Oregon -24.5,,53.5,,,
2026-09-05T09:21:07.215390+00:00,pregame,10.148,2026,1,regular,401858434,2026-09-05 19:30:00+00:00,Penn State,Marshall,Bovada,-23.5,Penn State,Penn State -23.5,-23.5,52.0,54.5,-3500.0,1100.0
2026-09-05T09:21:07.215390+00:00,pregame,10.148,2026,1,regular,401858434,2026-09-05 19:30:00+00:00,Penn State,Marshall,DraftKings,-23.5,Penn State,Penn State -23.5,-23.5,52.5,,-2400.0,1200.0
2026-09-06T10:23:56.277410+00:00,historical_market_backfill,-14.899,2026,1,regular,401858434,2026-09-05 19:30:00+00:00,Penn State,Marshall,Bovada,-23.0,Penn State,Penn State -23.0,-23.5,52.0,54.5,-3500.0,1100.0
2026-09-06T10:23:56.277410+00:00,historical_market_backfill,-14.899,2026,1,regular,401858434,2026-09-05 19:30:00+00:00,Penn State,Marshall,Draft Kings,-23.5,Penn State,Penn State -23.5,,53.5,,,
2026-09-06T10:23:56.277410+00:00,historical_market_backfill,-14.899,2026,1,regular,401858434,2026-09-05 19:30:00+00:00,Penn State,Marshall,DraftKings,-23.5,Penn State,Penn State -23.5,-23.5,53.5,,-1800.0,1000.0
2026-09-05T09:21:07.215390+00:00,pregame,10.148,2026,1,regular,401862694,2026-09-05 19:30:00+00:00,Charlotte,The Citadel,DraftKings,-20.5,Charlotte,Charlotte -20.5,-15.5,46.5,46.5,-1650.0,950.0
2026-09-05T09:21:07.215390+00:00,pregame,10.148,2026,1,regular,401862694,2026-09-05 19:30:00+00:00,Charlotte,The Citadel,Bovada,-20.0,Charlotte,Charlotte -20.0,-20.0,46.5,46.5,-1400.0,750.0
2026-09-06T10:23:56.277410+00:00,historical_market_backfill,-14.899,2026,1,regular,401862694,2026-09-05 19:30:00+00:00,Charlotte,The Citadel,DraftKings,-20.5,Charlotte,Charlotte -20.5,-15.5,49.5,46.5,-1650.0,950.0
2026-09-06T10:23:56.277410+00:00,historical_market_backfill,-14.899,2026,1,regular,401862694,2026-09-05 19:30:00+00:00,Charlotte,The Citadel,Draft Kings,-20.5,Charlotte,Charlotte -20.5,,49.5,,,
2026-09-06T10:23:56.277410+00:00,historical_market_backfill,-14.899,2026,1,regular,401862694,2026-09-05 19:30:00+00:00,Charlotte,The Citadel,Bovada,-20.5,Charlotte,Charlotte -20.5,-20.0,49.0,46.5,-1400.0,750.0
2026-09-05T09:21:07.215390+00:00,pregame,10.148,2026,1,regular,401862696,2026-09-05 19:30:00+00:00,Navy,Towson,DraftKings,-30.5,Navy,Navy -30.5,-30.5,50.5,53.5,-50000.0,4000.0
2026-09-05T09:21:07.215390+00:00,pregame,10.148,2026,1,regular,401862696,2026-09-05 19:30:00+00:00,Navy,Towson,Bovada,-30.5,Navy,Navy -30.5,-30.5,50.5,50.5,,
2026-09-06T10:23:56.277410+00:00,historical_market_backfill,-14.899,2026,1,regular,401862696,2026-09-05 19:30:00+00:00,Navy,Towson,DraftKings,-31.5,Navy,Navy -31.5,-30.5,50.5,53.5,-100000.0,5000.0
2026-09-06T10:23:56.277410+00:00,historical_market_backfill,-14.899,2026,1,regular,401862696,2026-09-05 19:30:00+00:00,Navy,Towson,Draft Kings,-31.5,Navy,Navy -31.5,,50.5,,,
2026-09-06T10:23:56.277410+00:00,historical_market_backfill,-14.899,2026,1,regular,401862696,2026-09-05 19:30:00+00:00,Navy,Towson,Bovada,-30.5,Navy,Navy -30.5,-30.5,50.5,50.5,,
2026-09-05T09:21:07.215390+00:00,pregame,10.148,2026,1,regular,401862700,2026-09-05 19:30:00+00:00,UTSA,UT Rio Grande Valley,DraftKings,-28.5,UTSA,UTSA -28.5,-28.5,59.5,59.5,-9000.0,2500.0
2026-09-05T09:21:07.215390+00:00,pregame,10.148,2026,1,regular,401862700,2026-09-05 19:30:00+00:00,UTSA,UT Rio Grande Valley,Bovada,-28.5,UTSA,UTSA -28.5,-28.5,59.5,59.5,,
2026-09-06T10:23:56.277410+00:00,historical_market_backfill,-14.899,2026,1,regular,401862700,2026-09-05 19:30:00+00:00,UTSA,UT Rio Grande Valley,DraftKings,-28.5,UTSA,UTSA -28.5,-28.5,59.5,59.5,-6500.0,2000.0
2026-09-06T10:23:56.277410+00:00,historical_market_backfill,-14.899,2026,1,regular,401862700,2026-09-05 19:30:00+00:00,UTSA,UT Rio Grande Valley,Draft Kings,-28.5,UTSA,UTSA -28.5,,59.5,,,
2026-09-06T10:23:56.277410+00:00,historical_market_backfill,-14.899,2026,1,regular,401862700,2026-09-05 19:30:00+00:00,UTSA,UT Rio Grande Valley,Bovada,-28.5,UTSA,UTSA -28.5,-28.5,59.5,59.5,-10000.0,1600.0
2026-09-05T09:21:07.215390+00:00,pregame,10.148,2026,1,regular,401864499,2026-09-05 19:30:00+00:00,North Dakota State,Fordham,DraftKings,-41.5,North Dakota State,North Dakota State -41.5,-39.5,56.5,57.5,,
2026-09-05T09:21:07.215390+00:00,pregame,10.148,2026,1,regular,401864499,2026-09-05 19:30:00+00:00,North Dakota State,Fordham,Bovada,-41.5,North Dakota State,North Dakota State -41.5,-41.5,56.0,56.0,,
2026-09-06T10:23:56.277410+00:00,historical_market_backfill,-14.899,2026,1,regular,401864499,2026-09-05 19:30:00+00:00,North Dakota State,Fordham,DraftKings,-41.5,North Dakota State,North Dakota State -41.5,-39.5,54.5,57.5,,
2026-09-06T10:23:56.277410+00:00,historical_market_backfill,-14.899,2026,1,regular,401864499,2026-09-05 19:30:00+00:00,North Dakota State,Fordham,Draft Kings,-41.5,North Dakota State,North Dakota State -41.5,,54.5,,,
2026-09-06T10:23:56.277410+00:00,historical_market_backfill,-14.899,2026,1,regular,401864499,2026-09-05 19:30:00+00:00,North Dakota State,Fordham,Bovada,-41.5,North Dakota State,North Dakota State -41.5,-41.5,54.0,56.0,,
2026-09-05T09:21:07.215390+00:00,pregame,10.148,2026,1,regular,401866625,2026-09-05 19:30:00+00:00,Campbell,Western Carolina,DraftKings,4.0,Western Carolina,Western Carolina -4,4.0,67.5,67.5,144.0,-181.0
2026-09-06T10:23:56.277410+00:00,historical_market_backfill,-14.899,2026,1,regular,401866625,2026-09-05 19:30:00+00:00,Campbell,Western Carolina,DraftKings,4.0,Western Carolina,Western Carolina -4,4.0,68.5,67.5,147.0,-184.0
2026-09-05T09:21:07.215390+00:00,pregame,10.148,2026,1,regular,401866627,2026-09-05 19:30:00+00:00,App State,Maine,DraftKings,-19.5,App State,App State -19.5,-17.5,53.5,53.5,-1100.0,700.0
2026-09-05T09:21:07.215390+00:00,pregame,10.148,2026,1,regular,401866627,2026-09-05 19:30:00+00:00,App State,Maine,Bovada,-19.5,App State,App State -19.5,-19.5,53.5,53.5,-1300.0,725.0
2026-09-06T10:23:56.277410+00:00,historical_market_backfill,-14.899,2026,1,regular,401866627,2026-09-05 19:30:00+00:00,App State,Maine,DraftKings,-20.5,App State,App State -20.5,-17.5,53.5,53.5,-1450.0,850.0
2026-09-06T10:23:56.277410+00:00,historical_market_backfill,-14.899,2026,1,regular,401866627,2026-09-05 19:30:00+00:00,App State,Maine,Draft Kings,-21.0,App State,App State -21,,53.5,,,
2026-09-06T10:23:56.277410+00:00,historical_market_backfill,-14.899,2026,1,regular,401866627,2026-09-05 19:30:00+00:00,App State,Maine,Bovada,-21.0,App State,App State -21.0,-19.5,54.0,53.5,-1300.0,725.0
2026-09-05T09:21:07.215390+00:00,pregame,10.398,2026,1,regular,401856772,2026-09-05 19:45:00+00:00,Tulsa,Oklahoma State,DraftKings,13.5,Oklahoma State,Oklahoma State -13.5,11.5,59.5,,425.0,-575.0
2026-09-05T09:21:07.215390+00:00,pregame,10.398,2026,1,regular,401856772,2026-09-05 19:45:00+00:00,Tulsa,Oklahoma State,Bovada,13.5,Oklahoma State,Oklahoma State -13.5,11.5,59.0,61.5,390.0,-550.0
2026-09-06T10:23:56.277410+00:00,historical_market_backfill,-14.649,2026,1,regular,401856772,2026-09-05 19:45:00+00:00,Tulsa,Oklahoma State,DraftKings,13.5,Oklahoma State,Oklahoma State -13.5,11.5,57.5,,410.0,-550.0
2026-09-06T10:23:56.277410+00:00,historical_market_backfill,-14.649,2026,1,regular,401856772,2026-09-05 19:45:00+00:00,Tulsa,Oklahoma State,Draft Kings,13.5,Oklahoma State,Oklahoma State -13.5,,57.5,,,
2026-09-06T10:23:56.277410+00:00,historical_market_backfill,-14.649,2026,1,regular,401856772,2026-09-05 19:45:00+00:00,Tulsa,Oklahoma State,Bovada,13.0,Oklahoma State,Oklahoma State -13.0,11.5,57.5,61.5,390.0,-550.0
2026-09-05T09:21:07.215390+00:00,pregame,10.648,2026,1,regular,401867875,2026-09-05 20:00:00+00:00,North Dakota,St. Thomas (MN),DraftKings,-27.5,North Dakota,North Dakota -27.5,-27.5,52.5,52.5,,
2026-09-06T10:23:56.277410+00:00,historical_market_backfill,-14.399,2026,1,regular,401867875,2026-09-05 20:00:00+00:00,North Dakota,St. Thomas (MN),DraftKings,-28.5,North Dakota,North Dakota -28.5,-27.5,53.5,52.5,,
2026-09-06T10:23:56.277410+00:00,historical_market_backfill,-14.399,2026,1,regular,401867875,2026-09-05 20:00:00+00:00,North Dakota,St. Thomas (MN),Draft Kings,-28.5,North Dakota,North Dakota -28.5,,53.5,,,
2026-09-05T09:21:07.215390+00:00,pregame,10.898,2026,1,regular,401856635,2026-09-05 20:15:00+00:00,Arkansas,North Alabama,DraftKings,-40.5,Arkansas,Arkansas -40.5,-40.5,63.5,63.5,,
2026-09-05T09:21:07.215390+00:00,pregame,10.898,2026,1,regular,401856635,2026-09-05 20:15:00+00:00,Arkansas,North Alabama,Bovada,-40.5,Arkansas,Arkansas -40.5,-40.5,63.0,63.0,,
2026-09-06T10:23:56.277410+00:00,historical_market_backfill,-14.149,2026,1,regular,401856635,2026-09-05 20:15:00+00:00,Arkansas,North Alabama,DraftKings,-40.5,Arkansas,Arkansas -40.5,-40.5,63.5,63.5,,
2026-09-06T10:23:56.277410+00:00,historical_market_backfill,-14.149,2026,1,regular,401856635,2026-09-05 20:15:00+00:00,Arkansas,North Alabama,Draft Kings,-40.5,Arkansas,Arkansas -40.5,,63.5,,,
2026-09-06T10:23:56.277410+00:00,historical_market_backfill,-14.149,2026,1,regular,401856635,2026-09-05 20:15:00+00:00,Arkansas,North Alabama,Bovada,-40.5,Arkansas,Arkansas -40.5,-40.5,63.0,63.0,,
2026-09-05T09:21:07.215390+00:00,pregame,10.898,2026,1,regular,401858426,2026-09-05 20:15:00+00:00,Iowa,Northern Illinois,Bovada,-32.0,Iowa,Iowa -32.0,-29.5,44.5,43.5,-100000.0,2500.0
2026-09-05T09:21:07.215390+00:00,pregame,10.898,2026,1,regular,401858426,2026-09-05 20:15:00+00:00,Iowa,Northern Illinois,DraftKings,-31.5,Iowa,Iowa -31.5,-29.5,44.5,,-100000.0,5000.0
2026-09-06T10:23:56.277410+00:00,historical_market_backfill,-14.149,2026,1,regular,401858426,2026-09-05 20:15:00+00:00,Iowa,Northern Illinois,Bovada,-32.0,Iowa,Iowa -32.0,-29.5,44.5,43.5,-100000.0,4500.0
2026-09-06T10:23:56.277410+00:00,historical_market_backfill,-14.149,2026,1,regular,401858426,2026-09-05 20:15:00+00:00,Iowa,Northern Illinois,Draft Kings,-31.5,Iowa,Iowa -31.5,,44.5,,,
2026-09-06T10:23:56.277410+00:00,historical_market_backfill,-14.149,2026,1,regular,401858426,2026-09-05 20:15:00+00:00,Iowa,Northern Illinois,DraftKings,-31.5,Iowa,Iowa -31.5,-29.5,44.5,,-10000.0,3000.0
2026-09-05T09:21:07.215390+00:00,pregame,11.648,2026,1,regular,401868356,2026-09-05 21:00:00+00:00,Southern Miss,Alcorn State,DraftKings,-18.5,Southern Miss,Southern Miss -18.5,-21.0,50.5,50.5,-1200.0,750.0
2026-09-05T09:21:07.215390+00:00,pregame,11.648,2026,1,regular,401868356,2026-09-05 21:00:00+00:00,Southern Miss,Alcorn State,Bovada,-20.0,Southern Miss,Southern Miss -20.0,-20.0,50.5,50.5,-1400.0,750.0
2026-09-06T10:23:56.277410+00:00,historical_market_backfill,-13.399,2026,1,regular,401868356,2026-09-05 21:00:00+00:00,Southern Miss,Alcorn State,DraftKings,-19.5,Southern Miss,Southern Miss -19.5,-21.0,51.5,50.5,-1600.0,900.0
2026-09-06T10:23:56.277410+00:00,historical_market_backfill,-13.399,2026,1,regular,401868356,2026-09-05 21:00:00+00:00,Southern Miss,Alcorn State,Draft Kings,-20.5,Southern Miss,Southern Miss -20.5,,51.5,,,
2026-09-06T10:23:56.277410+00:00,historical_market_backfill,-13.399,2026,1,regular,401868356,2026-09-05 21:00:00+00:00,Southern Miss,Alcorn State,Bovada,-19.5,Southern Miss,Southern Miss -19.5,-20.0,51.0,50.5,-1400.0,750.0
2026-09-05T09:21:07.215390+00:00,pregame,12.648,2026,1,regular,401860878,2026-09-05 22:00:00+00:00,Colorado State,Wyoming,DraftKings,-3.0,Colorado State,Colorado State -3,-4.0,46.5,,-155.0,130.0
2026-09-05T09:21:07.215390+00:00,pregame,12.648,2026,1,regular,401860878,2026-09-05 22:00:00+00:00,Colorado State,Wyoming,Bovada,-3.0,Colorado State,Colorado State -3.0,-4.0,46.5,47.5,-180.0,155.0
2026-09-06T10:23:56.277410+00:00,historical_market_backfill,-12.399,2026,1,regular,401860878,2026-09-05 22:00:00+00:00,Colorado State,Wyoming,DraftKings,-2.5,Colorado State,Colorado State -2.5,-4.0,46.5,,-142.0,120.0
2026-09-06T10:23:56.277410+00:00,historical_market_backfill,-12.399,2026,1,regular,401860878,2026-09-05 22:00:00+00:00,Colorado State,Wyoming,Draft Kings,-2.5,Colorado State,Colorado State -2.5,,45.5,,,
2026-09-06T10:23:56.277410+00:00,historical_market_backfill,-12.399,2026,1,regular,401860878,2026-09-05 22:00:00+00:00,Colorado State,Wyoming,Bovada,-3.0,Colorado State,Colorado State -3.0,-4.0,46.5,47.5,-180.0,155.0
2026-09-05T09:21:07.215390+00:00,pregame,12.648,2026,1,regular,401866626,2026-09-05 22:00:00+00:00,Davidson,Elon,DraftKings,32.5,Elon,Elon -32.5,31.5,58.5,57.5,,
2026-09-06T10:23:56.277410+00:00,historical_market_backfill,-12.399,2026,1,regular,401866626,2026-09-05 22:00:00+00:00,Davidson,Elon,DraftKings,32.5,Elon,Elon -32.5,31.5,58.5,57.5,,
2026-09-06T10:23:56.277410+00:00,historical_market_backfill,-12.399,2026,1,regular,401866626,2026-09-05 22:00:00+00:00,Davidson,Elon,Draft Kings,32.5,Elon,Elon -32.5,,58.5,,,
2026-09-05T09:21:07.215390+00:00,pregame,12.648,2026,1,regular,401867692,2026-09-05 22:00:00+00:00,William & Mary,Delaware State,DraftKings,-10.0,William & Mary,William & Mary -10,-10.0,56.5,56.5,-432.0,315.0
2026-09-06T10:23:56.277410+00:00,historical_market_backfill,-12.399,2026,1,regular,401867692,2026-09-05 22:00:00+00:00,William & Mary,Delaware State,DraftKings,-9.5,William & Mary,William & Mary -9.5,-10.0,54.5,56.5,-348.0,262.0
2026-09-06T10:23:56.277410+00:00,historical_market_backfill,-12.399,2026,1,regular,401867692,2026-09-05 22:00:00+00:00,William & Mary,Delaware State,Draft Kings,-9.5,William & Mary,William & Mary -9.5,,54.5,,,
2026-09-05T09:21:07.215390+00:00,pregame,12.648,2026,1,regular,401867973,2026-09-05 22:00:00+00:00,Old Dominion,Norfolk State,DraftKings,-40.5,Old Dominion,Old Dominion -40.5,-41.5,52.5,55.5,,
2026-09-05T09:21:07.215390+00:00,pregame,12.648,2026,1,regular,401867973,2026-09-05 22:00:00+00:00,Old Dominion,Norfolk State,Bovada,-41.0,Old Dominion,Old Dominion -41.0,-41.0,52.5,52.5,,
2026-09-06T10:23:56.277410+00:00,historical_market_backfill,-12.399,2026,1,regular,401867973,2026-09-05 22:00:00+00:00,Old Dominion,Norfolk State,DraftKings,-41.5,Old Dominion,Old Dominion -41.5,-41.5,52.5,55.5,,
2026-09-06T10:23:56.277410+00:00,historical_market_backfill,-12.399,2026,1,regular,401867973,2026-09-05 22:00:00+00:00,Old Dominion,Norfolk State,Draft Kings,-41.5,Old Dominion,Old Dominion -41.5,,52.5,,,
2026-09-06T10:23:56.277410+00:00,historical_market_backfill,-12.399,2026,1,regular,401867973,2026-09-05 22:00:00+00:00,Old Dominion,Norfolk State,Bovada,-41.0,Old Dominion,Old Dominion -41.0,-41.0,52.0,52.5,,
2026-09-05T09:21:07.215390+00:00,pregame,12.648,2026,1,regular,401867989,2026-09-05 22:00:00+00:00,Bucknell,Villanova,DraftKings,26.5,Villanova,Villanova -26.5,26.5,56.5,56.5,1240.0,-4400.0
2026-09-06T10:23:56.277410+00:00,historical_market_backfill,-12.399,2026,1,regular,401867989,2026-09-05 22:00:00+00:00,Bucknell,Villanova,DraftKings,22.5,Villanova,Villanova -22.5,26.5,54.5,56.5,1160.0,-3700.0
2026-09-06T10:23:56.277410+00:00,historical_market_backfill,-12.399,2026,1,regular,401867989,2026-09-05 22:00:00+00:00,Bucknell,Villanova,Draft Kings,22.5,Villanova,Villanova -22.5,,54.5,,,
2026-09-05T09:21:07.215390+00:00,pregame,12.648,2026,1,regular,401868274,2026-09-05 22:00:00+00:00,Mercer,Presbyterian,DraftKings,-21.0,Mercer,Mercer -21,-21.5,56.5,56.5,-1280.0,690.0
2026-09-06T10:23:56.277410+00:00,historical_market_backfill,-12.399,2026,1,regular,401868274,2026-09-05 22:00:00+00:00,Mercer,Presbyterian,DraftKings,-22.5,Mercer,Mercer -22.5,-21.5,54.5,56.5,-2100.0,920.0
2026-09-06T10:23:56.277410+00:00,historical_market_backfill,-12.399,2026,1,regular,401868274,2026-09-05 22:00:00+00:00,Mercer,Presbyterian,Draft Kings,-22.5,Mercer,Mercer -22.5,,54.5,,,
2026-09-05T09:21:07.215390+00:00,pregame,12.648,2026,1,regular,401868336,2026-09-05 22:00:00+00:00,Chattanooga,Tennessee Tech,DraftKings,10.5,Tennessee Tech,Tennessee Tech -10.5,10.5,49.5,49.5,353.0,-496.0
2026-09-06T10:23:56.277410+00:00,historical_market_backfill,-12.399,2026,1,regular,401868336,2026-09-05 22:00:00+00:00,Chattanooga,Tennessee Tech,DraftKings,10.5,Tennessee Tech,Tennessee Tech -10.5,10.5,48.5,49.5,358.0,-504.0
2026-09-06T10:23:56.277410+00:00,historical_market_backfill,-12.399,2026,1,regular,401868336,2026-09-05 22:00:00+00:00,Chattanooga,Tennessee Tech,Draft Kings,10.5,Tennessee Tech,Tennessee Tech -10.5,,48.5,,,
2026-09-05T09:21:07.215390+00:00,pregame,12.648,2026,1,regular,401869127,2026-09-05 22:00:00+00:00,Howard,Richmond,DraftKings,14.5,Richmond,Richmond -14.5,14.5,45.5,45.5,484.0,-750.0
2026-09-06T10:23:56.277410+00:00,historical_market_backfill,-12.399,2026,1,regular,401869127,2026-09-05 22:00:00+00:00,Howard,Richmond,DraftKings,14.0,Richmond,Richmond -14,14.5,43.5,45.5,453.0,-680.0
2026-09-06T10:23:56.277410+00:00,historical_market_backfill,-12.399,2026,1,regular,401869127,2026-09-05 22:00:00+00:00,Howard,Richmond,Draft Kings,14.0,Richmond,Richmond -14,,43.5,,,
2026-09-05T09:21:07.215390+00:00,pregame,13.648,2026,1,regular,401856668,2026-09-05 23:00:00+00:00,Texas A&M,Missouri State,Bovada,-40.5,Texas A&M,Texas A&M -40.5,-38.5,53.5,52.5,,
2026-09-05T09:21:07.215390+00:00,pregame,13.648,2026,1,regular,401856668,2026-09-05 23:00:00+00:00,Texas A&M,Missouri State,DraftKings,-40.5,Texas A&M,Texas A&M -40.5,-38.5,53.5,,,
2026-09-06T10:23:56.277410+00:00,historical_market_backfill,-11.399,2026,1,regular,401856668,2026-09-05 23:00:00+00:00,Texas A&M,Missouri State,Draft Kings,-38.5,Texas A&M,Texas A&M -38.5,,53.5,,,
2026-09-06T10:23:56.277410+00:00,historical_market_backfill,-11.399,2026,1,regular,401856668,2026-09-05 23:00:00+00:00,Texas A&M,Missouri State,Bovada,-40.5,Texas A&M,Texas A&M -40.5,-38.5,53.5,52.5,,
2026-09-06T10:23:56.277410+00:00,historical_market_backfill,-11.399,2026,1,regular,401856668,2026-09-05 23:00:00+00:00,Texas A&M,Missouri State,DraftKings,-38.5,Texas A&M,Texas A&M -38.5,-38.5,53.5,,,
2026-09-05T09:21:07.215390+00:00,pregame,13.648,2026,1,regular,401856669,2026-09-05 23:00:00+00:00,Vanderbilt,Austin Peay,DraftKings,-28.5,Vanderbilt,Vanderbilt -28.5,-30.5,60.5,61.5,-4500.0,1700.0
2026-09-05T09:21:07.215390+00:00,pregame,13.648,2026,1,regular,401856669,2026-09-05 23:00:00+00:00,Vanderbilt,Austin Peay,Bovada,-29.0,Vanderbilt,Vanderbilt -29.0,-29.0,60.0,60.5,,
2026-09-06T10:23:56.277410+00:00,historical_market_backfill,-11.399,2026,1,regular,401856669,2026-09-05 23:00:00+00:00,Vanderbilt,Austin Peay,DraftKings,-28.5,Vanderbilt,Vanderbilt -28.5,-30.5,57.5,61.5,-6500.0,2000.0
2026-09-06T10:23:56.277410+00:00,historical_market_backfill,-11.399,2026,1,regular,401856669,2026-09-05 23:00:00+00:00,Vanderbilt,Austin Peay,Draft Kings,-29.5,Vanderbilt,Vanderbilt -29.5,,57.5,,,
2026-09-06T10:23:56.277410+00:00,historical_market_backfill,-11.399,2026,1,regular,401856669,2026-09-05 23:00:00+00:00,Vanderbilt,Austin Peay,Bovada,-29.0,Vanderbilt,Vanderbilt -29.0,-29.0,59.0,60.5,-6000.0,1325.0
2026-09-05T09:21:07.215390+00:00,pregame,13.648,2026,1,regular,401856770,2026-09-05 23:00:00+00:00,Texas Tech,Abilene Christian,DraftKings,-42.5,Texas Tech,Texas Tech -42.5,-42.5,59.5,59.5,,
2026-09-05T09:21:07.215390+00:00,pregame,13.648,2026,1,regular,401856770,2026-09-05 23:00:00+00:00,Texas Tech,Abilene Christian,Bovada,-42.5,Texas Tech,Texas Tech -42.5,-42.5,59.5,59.5,,
2026-09-06T10:23:56.277410+00:00,historical_market_backfill,-11.399,2026,1,regular,401856770,2026-09-05 23:00:00+00:00,Texas Tech,Abilene Christian,DraftKings,-45.5,Texas Tech,Texas Tech -45.5,-42.5,60.5,59.5,,
2026-09-06T10:23:56.277410+00:00,historical_market_backfill,-11.399,2026,1,regular,401856770,2026-09-05 23:00:00+00:00,Texas Tech,Abilene Christian,Draft Kings,-45.5,Texas Tech,Texas Tech -45.5,,61.5,,,
2026-09-06T10:23:56.277410+00:00,historical_market_backfill,-11.399,2026,1,regular,401856770,2026-09-05 23:00:00+00:00,Texas Tech,Abilene Christian,Bovada,-44.5,Texas Tech,Texas Tech -44.5,-42.5,60.5,59.5,,
2026-09-05T09:21:07.215390+00:00,pregame,13.648,2026,1,regular,401856771,2026-09-05 23:00:00+00:00,Kansas State,Nicholls,DraftKings,-41.5,Kansas State,Kansas State -41.5,-40.5,54.5,55.5,,
2026-09-05T09:21:07.215390+00:00,pregame,13.648,2026,1,regular,401856771,2026-09-05 23:00:00+00:00,Kansas State,Nicholls,Bovada,-40.5,Kansas State,Kansas State -40.5,-40.5,54.5,54.5,,
2026-09-06T10:23:56.277410+00:00,historical_market_backfill,-11.399,2026,1,regular,401856771,2026-09-05 23:00:00+00:00,Kansas State,Nicholls,DraftKings,-41.5,Kansas State,Kansas State -41.5,-40.5,55.5,55.5,,
2026-09-06T10:23:56.277410+00:00,historical_market_backfill,-11.399,2026,1,regular,401856771,2026-09-05 23:00:00+00:00,Kansas State,Nicholls,Draft Kings,-41.5,Kansas State,Kansas State -41.5,,55.5,,,
2026-09-06T10:23:56.277410+00:00,historical_market_backfill,-11.399,2026,1,regular,401856771,2026-09-05 23:00:00+00:00,Kansas State,Nicholls,Bovada,-41.0,Kansas State,Kansas State -41.0,-40.5,55.0,54.5,,
2026-09-05T09:21:07.215390+00:00,pregame,13.648,2026,1,regular,401860880,2026-09-05 23:00:00+00:00,Utah State,Idaho State,DraftKings,-14.0,Utah State,Utah State -14,-11.5,62.5,64.5,-550.0,410.0
2026-09-05T09:21:07.215390+00:00,pregame,13.648,2026,1,regular,401860880,2026-09-05 23:00:00+00:00,Utah State,Idaho State,Bovada,-14.0,Utah State,Utah State -14.0,-14.0,62.0,62.0,-600.0,425.0
2026-09-06T10:23:56.277410+00:00,historical_market_backfill,-11.399,2026,1,regular,401860880,2026-09-05 23:00:00+00:00,Utah State,Idaho State,DraftKings,-15.5,Utah State,Utah State -15.5,-11.5,59.5,64.5,-650.0,470.0
2026-09-06T10:23:56.277410+00:00,historical_market_backfill,-11.399,2026,1,regular,401860880,2026-09-05 23:00:00+00:00,Utah State,Idaho State,Draft Kings,-15.5,Utah State,Utah State -15.5,,59.5,,,
2026-09-06T10:23:56.277410+00:00,historical_market_backfill,-11.399,2026,1,regular,401860880,2026-09-05 23:00:00+00:00,Utah State,Idaho State,Bovada,-14.5,Utah State,Utah State -14.5,-14.0,60.0,62.0,-600.0,425.0
2026-09-05T09:21:07.215390+00:00,pregame,13.648,2026,1,regular,401862695,2026-09-05 23:00:00+00:00,Memphis,Arkansas State,Bovada,-11.0,Memphis,Memphis -11.0,-10.5,53.5,55.5,-340.0,270.0
2026-09-05T09:21:07.215390+00:00,pregame,13.648,2026,1,regular,401862695,2026-09-05 23:00:00+00:00,Memphis,Arkansas State,DraftKings,-11.5,Memphis,Memphis -11.5,-10.5,53.5,,-470.0,360.0
2026-09-06T10:23:56.277410+00:00,historical_market_backfill,-11.399,2026,1,regular,401862695,2026-09-05 23:00:00+00:00,Memphis,Arkansas State,Bovada,-10.5,Memphis,Memphis -10.5,-10.5,52.0,55.5,-340.0,270.0
2026-09-06T10:23:56.277410+00:00,historical_market_backfill,-11.399,2026,1,regular,401862695,2026-09-05 23:00:00+00:00,Memphis,Arkansas State,DraftKings,-10.5,Memphis,Memphis -10.5,-10.5,52.5,,-395.0,310.0
2026-09-06T10:23:56.277410+00:00,historical_market_backfill,-11.399,2026,1,regular,401862695,2026-09-05 23:00:00+00:00,Memphis,Arkansas State,Draft Kings,-10.5,Memphis,Memphis -10.5,,52.5,,,
2026-09-05T09:21:07.215390+00:00,pregame,13.648,2026,1,regular,401862697,2026-09-05 23:00:00+00:00,Rice,Houston Christian,DraftKings,-22.5,Rice,Rice -22.5,-24.5,47.5,47.5,-3600.0,1500.0
2026-09-05T09:21:07.215390+00:00,pregame,13.648,2026,1,regular,401862697,2026-09-05 23:00:00+00:00,Rice,Houston Christian,Bovada,-22.5,Rice,Rice -22.5,-22.5,47.5,47.5,-2000.0,950.0
2026-09-06T10:23:56.277410+00:00,historical_market_backfill,-11.399,2026,1,regular,401862697,2026-09-05 23:00:00+00:00,Rice,Houston Christian,DraftKings,-22.5,Rice,Rice -22.5,-24.5,47.5,47.5,-2400.0,1200.0
2026-09-06T10:23:56.277410+00:00,historical_market_backfill,-11.399,2026,1,regular,401862697,2026-09-05 23:00:00+00:00,Rice,Houston Christian,Draft Kings,-22.5,Rice,Rice -22.5,,47.5,,,
2026-09-06T10:23:56.277410+00:00,historical_market_backfill,-11.399,2026,1,regular,401862697,2026-09-05 23:00:00+00:00,Rice,Houston Christian,Bovada,-23.0,Rice,Rice -23.0,-22.5,47.5,47.5,-2000.0,950.0
2026-09-05T09:21:07.215390+00:00,pregame,13.648,2026,1,regular,401862699,2026-09-05 23:00:00+00:00,South Florida,Florida International,Bovada,-14.5,South Florida,South Florida -14.5,-12.5,52.0,54.5,-460.0,340.0
2026-09-05T09:21:07.215390+00:00,pregame,13.648,2026,1,regular,401862699,2026-09-05 23:00:00+00:00,South Florida,Florida International,DraftKings,-14.5,South Florida,South Florida -14.5,-12.5,51.5,,-675.0,490.0
2026-09-06T10:23:56.277410+00:00,historical_market_backfill,-11.399,2026,1,regular,401862699,2026-09-05 23:00:00+00:00,South Florida,Florida International,Bovada,-14.5,South Florida,South Florida -14.5,-12.5,53.0,54.5,-460.0,340.0
2026-09-06T10:23:56.277410+00:00,historical_market_backfill,-11.399,2026,1,regular,401862699,2026-09-05 23:00:00+00:00,South Florida,Florida International,DraftKings,-14.5,South Florida,South Florida -14.5,-12.5,53.5,,-650.0,470.0
2026-09-06T10:23:56.277410+00:00,historical_market_backfill,-11.399,2026,1,regular,401862699,2026-09-05 23:00:00+00:00,South Florida,Florida International,Draft Kings,-14.5,South Florida,South Florida -14.5,,53.5,,,
2026-09-05T09:21:07.215390+00:00,pregame,13.648,2026,1,regular,401867684,2026-09-05 23:00:00+00:00,UT Martin,Chicago State,DraftKings,-44.5,UT Martin,UT Martin -44.5,-44.5,61.5,61.5,,
2026-09-06T10:23:56.277410+00:00,historical_market_backfill,-11.399,2026,1,regular,401867684,2026-09-05 23:00:00+00:00,UT Martin,Chicago State,DraftKings,-45.5,UT Martin,UT Martin -45.5,-44.5,61.5,61.5,,
2026-09-06T10:23:56.277410+00:00,historical_market_backfill,-11.399,2026,1,regular,401867684,2026-09-05 23:00:00+00:00,UT Martin,Chicago State,Draft Kings,-45.5,UT Martin,UT Martin -45.5,,61.5,,,
2026-09-05T09:21:07.215390+00:00,pregame,13.648,2026,1,regular,401867866,2026-09-05 23:00:00+00:00,Middle Tennessee,Murray State,DraftKings,-20.5,Middle Tennessee,Middle Tennessee -20.5,-20.5,57.5,59.5,-1800.0,1000.0
2026-09-05T09:21:07.215390+00:00,pregame,13.648,2026,1,regular,401867866,2026-09-05 23:00:00+00:00,Middle Tennessee,Murray State,Bovada,-21.0,Middle Tennessee,Middle Tennessee -21.0,-21.0,57.5,57.5,-1800.0,850.0
2026-09-06T10:23:56.277410+00:00,historical_market_backfill,-11.399,2026,1,regular,401867866,2026-09-05 23:00:00+00:00,Middle Tennessee,Murray State,DraftKings,-22.5,Middle Tennessee,Middle Tennessee -22.5,-20.5,55.5,59.5,-1800.0,1000.0
2026-09-06T10:23:56.277410+00:00,historical_market_backfill,-11.399,2026,1,regular,401867866,2026-09-05 23:00:00+00:00,Middle Tennessee,Murray State,Draft Kings,-22.5,Middle Tennessee,Middle Tennessee -22.5,,55.5,,,
2026-09-06T10:23:56.277410+00:00,historical_market_backfill,-11.399,2026,1,regular,401867866,2026-09-05 23:00:00+00:00,Middle Tennessee,Murray State,Bovada,-22.5,Middle Tennessee,Middle Tennessee -22.5,-21.0,56.0,57.5,-1800.0,850.0
2026-09-05T09:21:07.215390+00:00,pregame,13.648,2026,1,regular,401868071,2026-09-05 23:00:00+00:00,Central Arkansas,West Florida,DraftKings,-7.5,Central Arkansas,Central Arkansas -7.5,-7.5,55.5,55.5,-296.0,227.0
2026-09-06T10:23:56.277410+00:00,historical_market_backfill,-11.399,2026,1,regular,401868071,2026-09-05 23:00:00+00:00,Central Arkansas,West Florida,DraftKings,-7.5,Central Arkansas,Central Arkansas -7.5,-7.5,55.5,55.5,-296.0,227.0
2026-09-06T10:23:56.277410+00:00,historical_market_backfill,-11.399,2026,1,regular,401868071,2026-09-05 23:00:00+00:00,Central Arkansas,West Florida,Draft Kings,-7.5,Central Arkansas,Central Arkansas -7.5,,55.5,,,
2026-09-05T09:21:07.215390+00:00,pregame,13.648,2026,1,regular,401868085,2026-09-05 23:00:00+00:00,Eastern Washington,Northern Iowa,DraftKings,-6.5,Eastern Washington,Eastern Washington -6.5,-6.5,52.5,52.5,-271.0,210.0
2026-09-06T10:23:56.277410+00:00,historical_market_backfill,-11.399,2026,1,regular,401868085,2026-09-05 23:00:00+00:00,Eastern Washington,Northern Iowa,DraftKings,-7.0,Eastern Washington,Eastern Washington -7,-6.5,52.5,52.5,-280.0,216.0
2026-09-06T10:23:56.277410+00:00,historical_market_backfill,-11.399,2026,1,regular,401868085,2026-09-05 23:00:00+00:00,Eastern Washington,Northern Iowa,Draft Kings,-7.0,Eastern Washington,Eastern Washington -7,,52.5,,,
2026-09-05T09:21:07.215390+00:00,pregame,13.648,2026,1,regular,401868140,2026-09-05 23:00:00+00:00,Jacksonville State,Eastern Kentucky,DraftKings,-20.5,Jacksonville State,Jacksonville State -20.5,-19.5,53.5,52.5,-1650.0,950.0
2026-09-05T09:21:07.215390+00:00,pregame,13.648,2026,1,regular,401868140,2026-09-05 23:00:00+00:00,Jacksonville State,Eastern Kentucky,Bovada,-21.0,Jacksonville State,Jacksonville State -21.0,-21.0,53.5,53.5,-1600.0,800.0
2026-09-06T10:23:56.277410+00:00,historical_market_backfill,-11.399,2026,1,regular,401868140,2026-09-05 23:00:00+00:00,Jacksonville State,Eastern Kentucky,DraftKings,-22.5,Jacksonville State,Jacksonville State -22.5,-19.5,51.5,52.5,-2100.0,1100.0
2026-09-06T10:23:56.277410+00:00,historical_market_backfill,-11.399,2026,1,regular,401868140,2026-09-05 23:00:00+00:00,Jacksonville State,Eastern Kentucky,Draft Kings,-22.5,Jacksonville State,Jacksonville State -22.5,,51.5,,,
2026-09-06T10:23:56.277410+00:00,historical_market_backfill,-11.399,2026,1,regular,401868140,2026-09-05 23:00:00+00:00,Jacksonville State,Eastern Kentucky,Bovada,-22.0,Jacksonville State,Jacksonville State -22.0,-21.0,53.0,53.5,-1600.0,800.0
2026-09-05T09:21:07.215390+00:00,pregame,13.648,2026,1,regular,401868170,2026-09-05 23:00:00+00:00,Georgia Southern,Charleston Southern,DraftKings,-25.5,Georgia Southern,Georgia Southern -25.5,-25.5,51.5,51.5,-4500.0,1700.0
2026-09-05T09:21:07.215390+00:00,pregame,13.648,2026,1,regular,401868170,2026-09-05 23:00:00+00:00,Georgia Southern,Charleston Southern,Bovada,-25.5,Georgia Southern,Georgia Southern -25.5,-25.5,51.5,51.5,-4000.0,1200.0
2026-09-06T10:23:56.277410+00:00,historical_market_backfill,-11.399,2026,1,regular,401868170,2026-09-05 23:00:00+00:00,Georgia Southern,Charleston Southern,DraftKings,-28.5,Georgia Southern,Georgia Southern -28.5,-25.5,51.5,51.5,-5000.0,1800.0
2026-09-06T10:23:56.277410+00:00,historical_market_backfill,-11.399,2026,1,regular,401868170,2026-09-05 23:00:00+00:00,Georgia Southern,Charleston Southern,Draft Kings,-28.5,Georgia Southern,Georgia Southern -28.5,,51.5,,,
2026-09-06T10:23:56.277410+00:00,historical_market_backfill,-11.399,2026,1,regular,401868170,2026-09-05 23:00:00+00:00,Georgia Southern,Charleston Southern,Bovada,-28.0,Georgia Southern,Georgia Southern -28.0,-25.5,52.5,51.5,-4000.0,1200.0
2026-09-05T09:21:07.215390+00:00,pregame,13.648,2026,1,regular,401868316,2026-09-05 23:00:00+00:00,South Alabama,SE Louisiana,DraftKings,-13.5,South Alabama,South Alabama -13.5,-12.5,52.5,52.5,-535.0,400.0
2026-09-05T09:21:07.215390+00:00,pregame,13.648,2026,1,regular,401868316,2026-09-05 23:00:00+00:00,South Alabama,SE Louisiana,Bovada,-12.5,South Alabama,South Alabama -12.5,-12.5,52.5,52.5,-510.0,370.0
2026-09-06T10:23:56.277410+00:00,historical_market_backfill,-11.399,2026,1,regular,401868316,2026-09-05 23:00:00+00:00,South Alabama,SE Louisiana,DraftKings,-13.5,South Alabama,South Alabama -13.5,-12.5,53.5,52.5,-575.0,425.0
2026-09-06T10:23:56.277410+00:00,historical_market_backfill,-11.399,2026,1,regular,401868316,2026-09-05 23:00:00+00:00,South Alabama,SE Louisiana,Draft Kings,-13.5,South Alabama,South Alabama -13.5,,53.5,,,
2026-09-06T10:23:56.277410+00:00,historical_market_backfill,-11.399,2026,1,regular,401868316,2026-09-05 23:00:00+00:00,South Alabama,SE Louisiana,Bovada,-14.0,South Alabama,South Alabama -14.0,-12.5,53.5,52.5,-510.0,370.0
2026-09-05T09:21:07.215390+00:00,pregame,13.648,2026,1,regular,401870763,2026-09-05 23:00:00+00:00,Troy,Sam Houston,Bovada,-16.5,Troy,Troy -16.5,-17.0,54.0,50.5,-1300.0,725.0
2026-09-05T09:21:07.215390+00:00,pregame,13.648,2026,1,regular,401870763,2026-09-05 23:00:00+00:00,Troy,Sam Houston,DraftKings,-16.5,Troy,Troy -16.5,-17.5,53.5,,-850.0,575.0
2026-09-06T10:23:56.277410+00:00,historical_market_backfill,-11.399,2026,1,regular,401870763,2026-09-05 23:00:00+00:00,Troy,Sam Houston,Bovada,-16.5,Troy,Troy -16.5,-17.0,53.0,50.5,-1300.0,725.0
2026-09-06T10:23:56.277410+00:00,historical_market_backfill,-11.399,2026,1,regular,401870763,2026-09-05 23:00:00+00:00,Troy,Sam Houston,Draft Kings,-15.5,Troy,Troy -15.5,,52.5,,,
2026-09-06T10:23:56.277410+00:00,historical_market_backfill,-11.399,2026,1,regular,401870763,2026-09-05 23:00:00+00:00,Troy,Sam Houston,DraftKings,-16.5,Troy,Troy -16.5,-17.5,52.5,,-850.0,575.0
2026-09-05T09:21:07.215390+00:00,pregame,14.148,2026,1,regular,401856660,2026-09-05 23:30:00+00:00,LSU,Clemson,Bovada,-9.5,LSU,LSU -9.5,-11.5,50.5,51.5,-480.0,350.0
2026-09-05T09:21:07.215390+00:00,pregame,14.148,2026,1,regular,401856660,2026-09-05 23:30:00+00:00,LSU,Clemson,DraftKings,-10.0,LSU,LSU -10,,50.5,,-410.0,320.0
2026-09-06T10:23:56.277410+00:00,historical_market_backfill,-10.899,2026,1,regular,401856660,2026-09-05 23:30:00+00:00,LSU,Clemson,Bovada,-10.0,LSU,LSU -10.0,-11.5,50.0,51.5,-480.0,350.0
2026-09-06T10:23:56.277410+00:00,historical_market_backfill,-10.899,2026,1,regular,401856660,2026-09-05 23:30:00+00:00,LSU,Clemson,Draft Kings,-10.0,LSU,LSU -10,,48.5,,,
2026-09-06T10:23:56.277410+00:00,historical_market_backfill,-10.899,2026,1,regular,401856660,2026-09-05 23:30:00+00:00,LSU,Clemson,DraftKings,-10.0,LSU,LSU -10,,48.5,,-410.0,320.0
2026-09-05T09:21:07.215390+00:00,pregame,14.148,2026,1,regular,401856662,2026-09-05 23:30:00+00:00,Mississippi State,UL Monroe,Bovada,-28.5,Mississippi State,Mississippi State -28.5,-28.5,55.0,55.5,-100000.0,2500.0
2026-09-05T09:21:07.215390+00:00,pregame,14.148,2026,1,regular,401856662,2026-09-05 23:30:00+00:00,Mississippi State,UL Monroe,DraftKings,-28.5,Mississippi State,Mississippi State -28.5,-28.5,54.5,,-4000.0,1600.0
2026-09-06T10:23:56.277410+00:00,historical_market_backfill,-10.899,2026,1,regular,401856662,2026-09-05 23:30:00+00:00,Mississippi State,UL Monroe,Bovada,-28.5,Mississippi State,Mississippi State -28.5,-28.5,55.0,55.5,-100000.0,2500.0
2026-09-06T10:23:56.277410+00:00,historical_market_backfill,-10.899,2026,1,regular,401856662,2026-09-05 23:30:00+00:00,Mississippi State,UL Monroe,DraftKings,-28.5,Mississippi State,Mississippi State -28.5,-28.5,54.5,,-4000.0,1600.0
2026-09-06T10:23:56.277410+00:00,historical_market_backfill,-10.899,2026,1,regular,401856662,2026-09-05 23:30:00+00:00,Mississippi State,UL Monroe,Draft Kings,-28.5,Mississippi State,Mississippi State -28.5,,54.5,,,
2026-09-05T09:21:07.215390+00:00,pregame,14.148,2026,1,regular,401858211,2026-09-05 23:30:00+00:00,Virginia Tech,VMI,DraftKings,-55.5,Virginia Tech,Virginia Tech -55.5,-50.5,62.5,57.5,,
2026-09-05T09:21:07.215390+00:00,pregame,14.148,2026,1,regular,401858211,2026-09-05 23:30:00+00:00,Virginia Tech,VMI,Bovada,-55.5,Virginia Tech,Virginia Tech -55.5,-55.5,62.0,62.0,,
2026-09-06T10:23:56.277410+00:00,historical_market_backfill,-10.899,2026,1,regular,401858211,2026-09-05 23:30:00+00:00,Virginia Tech,VMI,DraftKings,-54.5,Virginia Tech,Virginia Tech -54.5,-50.5,60.5,57.5,,
2026-09-06T10:23:56.277410+00:00,historical_market_backfill,-10.899,2026,1,regular,401858211,2026-09-05 23:30:00+00:00,Virginia Tech,VMI,Bovada,-54.5,Virginia Tech,Virginia Tech -54.5,-55.5,62.0,62.0,,
2026-09-06T10:23:56.277410+00:00,historical_market_backfill,-10.899,2026,1,regular,401858211,2026-09-05 23:30:00+00:00,Virginia Tech,VMI,Draft Kings,-54.5,Virginia Tech,Virginia Tech -54.5,,60.5,,,
2026-09-05T09:21:07.215390+00:00,pregame,14.148,2026,1,regular,401858428,2026-09-05 23:30:00+00:00,Michigan,Western Michigan,Bovada,-27.5,Michigan,Michigan -27.5,-26.5,49.5,47.5,-7000.0,1300.0
2026-09-05T09:21:07.215390+00:00,pregame,14.148,2026,1,regular,401858428,2026-09-05 23:30:00+00:00,Michigan,Western Michigan,DraftKings,-27.5,Michigan,Michigan -27.5,-26.5,49.5,,-6500.0,2000.0
2026-09-06T10:23:56.277410+00:00,historical_market_backfill,-10.899,2026,1,regular,401858428,2026-09-05 23:30:00+00:00,Michigan,Western Michigan,Bovada,-27.5,Michigan,Michigan -27.5,-26.5,49.5,47.5,-7000.0,1300.0
2026-09-06T10:23:56.277410+00:00,historical_market_backfill,-10.899,2026,1,regular,401858428,2026-09-05 23:30:00+00:00,Michigan,Western Michigan,DraftKings,-27.5,Michigan,Michigan -27.5,-26.5,49.5,,-6500.0,2000.0
2026-09-06T10:23:56.277410+00:00,historical_market_backfill,-10.899,2026,1,regular,401858428,2026-09-05 23:30:00+00:00,Michigan,Western Michigan,Draft Kings,-27.5,Michigan,Michigan -27.5,,50.5,,,
2026-09-05T09:21:07.215390+00:00,pregame,14.148,2026,1,regular,401869129,2026-09-05 23:30:00+00:00,Louisiana Tech,Northwestern State,DraftKings,-44.5,Louisiana Tech,Louisiana Tech -44.5,-41.5,55.5,52.5,,
2026-09-05T09:21:07.215390+00:00,pregame,14.148,2026,1,regular,401869129,2026-09-05 23:30:00+00:00,Louisiana Tech,Northwestern State,Bovada,-44.5,Louisiana Tech,Louisiana Tech -44.5,-44.5,55.5,55.5,,
2026-09-06T10:23:56.277410+00:00,historical_market_backfill,-10.899,2026,1,regular,401869129,2026-09-05 23:30:00+00:00,Louisiana Tech,Northwestern State,DraftKings,-44.5,Louisiana Tech,Louisiana Tech -44.5,-41.5,56.5,52.5,,
2026-09-06T10:23:56.277410+00:00,historical_market_backfill,-10.899,2026,1,regular,401869129,2026-09-05 23:30:00+00:00,Louisiana Tech,Northwestern State,Bovada,-44.5,Louisiana Tech,Louisiana Tech -44.5,-44.5,56.5,55.5,,
2026-09-06T10:23:56.277410+00:00,historical_market_backfill,-10.899,2026,1,regular,401869129,2026-09-05 23:30:00+00:00,Louisiana Tech,Northwestern State,Draft Kings,-44.5,Louisiana Tech,Louisiana Tech -44.5,,56.5,,,
2026-09-05T09:21:07.215390+00:00,pregame,14.398,2026,1,regular,401856637,2026-09-05 23:45:00+00:00,Florida,Florida Atlantic,Bovada,-26.5,Florida,Florida -26.5,-25.5,59.5,56.5,-6500.0,1300.0
2026-09-05T09:21:07.215390+00:00,pregame,14.398,2026,1,regular,401856637,2026-09-05 23:45:00+00:00,Florida,Florida Atlantic,DraftKings,-26.5,Florida,Florida -26.5,-25.5,59.5,,-2800.0,1300.0
2026-09-06T10:23:56.277410+00:00,historical_market_backfill,-10.649,2026,1,regular,401856637,2026-09-05 23:45:00+00:00,Florida,Florida Atlantic,Bovada,-26.5,Florida,Florida -26.5,-25.5,59.5,56.5,-6500.0,1300.0
2026-09-06T10:23:56.277410+00:00,historical_market_backfill,-10.649,2026,1,regular,401856637,2026-09-05 23:45:00+00:00,Florida,Florida Atlantic,Draft Kings,-26.5,Florida,Florida -26.5,,59.5,,,
2026-09-06T10:23:56.277410+00:00,historical_market_backfill,-10.649,2026,1,regular,401856637,2026-09-05 23:45:00+00:00,Florida,Florida Atlantic,DraftKings,-25.5,Florida,Florida -25.5,-25.5,59.5,,-2400.0,1200.0
2026-09-05T09:21:07.215390+00:00,pregame,14.648,2026,1,regular,401856775,2026-09-06 00:00:00+00:00,BYU,Utah Tech,DraftKings,-51.5,BYU,BYU -51.5,-47.5,61.5,54.5,,
2026-09-05T09:21:07.215390+00:00,pregame,14.648,2026,1,regular,401856775,2026-09-06 00:00:00+00:00,BYU,Utah Tech,Bovada,-51.5,BYU,BYU -51.5,-51.5,61.0,61.0,,
2026-09-06T10:23:56.277410+00:00,historical_market_backfill,-10.399,2026,1,regular,401856775,2026-09-06 00:00:00+00:00,BYU,Utah Tech,DraftKings,-50.5,BYU,BYU -50.5,-47.5,61.5,54.5,,
2026-09-06T10:23:56.277410+00:00,historical_market_backfill,-10.399,2026,1,regular,401856775,2026-09-06 00:00:00+00:00,BYU,Utah Tech,Bovada,-49.5,BYU,BYU -49.5,-51.5,61.0,61.0,,
2026-09-06T10:23:56.277410+00:00,historical_market_backfill,-10.399,2026,1,regular,401856775,2026-09-06 00:00:00+00:00,BYU,Utah Tech,Draft Kings,-50.5,BYU,BYU -50.5,,61.5,,,
2026-09-05T09:21:07.215390+00:00,pregame,14.648,2026,1,regular,401858427,2026-09-06 00:00:00+00:00,Maryland,Hampton,DraftKings,-45.5,Maryland,Maryland -45.5,-45.5,55.5,56.5,,
2026-09-05T09:21:07.215390+00:00,pregame,14.648,2026,1,regular,401858427,2026-09-06 00:00:00+00:00,Maryland,Hampton,Bovada,-45.5,Maryland,Maryland -45.5,-45.5,55.5,55.5,,
2026-09-06T10:23:56.277410+00:00,historical_market_backfill,-10.399,2026,1,regular,401858427,2026-09-06 00:00:00+00:00,Maryland,Hampton,DraftKings,-45.5,Maryland,Maryland -45.5,-45.5,56.5,56.5,,
2026-09-06T10:23:56.277410+00:00,historical_market_backfill,-10.399,2026,1,regular,401858427,2026-09-06 00:00:00+00:00,Maryland,Hampton,Bovada,-45.5,Maryland,Maryland -45.5,-45.5,56.0,55.5,,
2026-09-06T10:23:56.277410+00:00,historical_market_backfill,-10.399,2026,1,regular,401858427,2026-09-06 00:00:00+00:00,Maryland,Hampton,Draft Kings,-45.5,Maryland,Maryland -45.5,,56.5,,,
2026-09-05T09:21:07.215390+00:00,pregame,14.648,2026,1,regular,401858431,2026-09-06 00:00:00+00:00,Northwestern,South Dakota State,DraftKings,-12.5,Northwestern,Northwestern -12.5,-12.5,46.5,46.5,-520.0,390.0
2026-09-05T09:21:07.215390+00:00,pregame,14.648,2026,1,regular,401858431,2026-09-06 00:00:00+00:00,Northwestern,South Dakota State,Bovada,-12.5,Northwestern,Northwestern -12.5,-12.5,46.0,46.0,-525.0,375.0
2026-09-06T10:23:56.277410+00:00,historical_market_backfill,-10.399,2026,1,regular,401858431,2026-09-06 00:00:00+00:00,Northwestern,South Dakota State,DraftKings,-14.0,Northwestern,Northwestern -14,-12.5,49.5,46.5,-600.0,440.0
2026-09-06T10:23:56.277410+00:00,historical_market_backfill,-10.399,2026,1,regular,401858431,2026-09-06 00:00:00+00:00,Northwestern,South Dakota State,Bovada,-12.5,Northwestern,Northwestern -12.5,-12.5,48.5,46.0,-525.0,375.0
2026-09-06T10:23:56.277410+00:00,historical_market_backfill,-10.399,2026,1,regular,401858431,2026-09-06 00:00:00+00:00,Northwestern,South Dakota State,Draft Kings,-14.0,Northwestern,Northwestern -14,,49.5,,,
2026-09-05T09:21:07.215390+00:00,pregame,14.648,2026,1,regular,401867845,2026-09-06 00:00:00+00:00,Western Illinois,Illinois State,DraftKings,23.5,Illinois State,Illinois State -23.5,23.5,59.5,59.5,1300.0,-5300.0
2026-09-06T10:23:56.277410+00:00,historical_market_backfill,-10.399,2026,1,regular,401867845,2026-09-06 00:00:00+00:00,Western Illinois,Illinois State,DraftKings,20.5,Illinois State,Illinois State -20.5,23.5,58.5,59.5,990.0,-2500.0
2026-09-06T10:23:56.277410+00:00,historical_market_backfill,-10.399,2026,1,regular,401867845,2026-09-06 00:00:00+00:00,Western Illinois,Illinois State,Draft Kings,20.5,Illinois State,Illinois State -20.5,,58.5,,,
2026-09-05T09:21:07.215390+00:00,pregame,14.648,2026,1,regular,401867883,2026-09-06 00:00:00+00:00,Northern Colorado,South Dakota,DraftKings,20.5,South Dakota,South Dakota -20.5,20.5,56.5,56.5,920.0,-2100.0
2026-09-06T10:23:56.277410+00:00,historical_market_backfill,-10.399,2026,1,regular,401867883,2026-09-06 00:00:00+00:00,Northern Colorado,South Dakota,DraftKings,20.5,South Dakota,South Dakota -20.5,20.5,56.5,56.5,920.0,-2100.0
2026-09-06T10:23:56.277410+00:00,historical_market_backfill,-10.399,2026,1,regular,401867883,2026-09-06 00:00:00+00:00,Northern Colorado,South Dakota,Draft Kings,20.5,South Dakota,South Dakota -20.5,,56.5,,,
2026-09-05T09:21:07.215390+00:00,pregame,14.648,2026,1,regular,401868158,2026-09-06 00:00:00+00:00,Southern Utah,Weber State,DraftKings,-14.5,Southern Utah,Southern Utah -14.5,-14.5,58.5,58.5,-820.0,520.0
2026-09-06T10:23:56.277410+00:00,historical_market_backfill,-10.399,2026,1,regular,401868158,2026-09-06 00:00:00+00:00,Southern Utah,Weber State,DraftKings,-14.5,Southern Utah,Southern Utah -14.5,-14.5,58.5,58.5,-820.0,520.0
2026-09-06T10:23:56.277410+00:00,historical_market_backfill,-10.399,2026,1,regular,401868158,2026-09-06 00:00:00+00:00,Southern Utah,Weber State,Draft Kings,-14.5,Southern Utah,Southern Utah -14.5,,58.5,,,
2026-09-05T09:21:07.215390+00:00,pregame,14.648,2026,1,regular,401868306,2026-09-06 00:00:00+00:00,Stephen F. Austin,East Texas A&M,DraftKings,-25.5,Stephen F. Austin,Stephen F. Austin -25.5,-25.5,56.5,56.5,-3900.0,1180.0
2026-09-06T10:23:56.277410+00:00,historical_market_backfill,-10.399,2026,1,regular,401868306,2026-09-06 00:00:00+00:00,Stephen F. Austin,East Texas A&M,DraftKings,-23.5,Stephen F. Austin,Stephen F. Austin -23.5,-25.5,55.5,56.5,-3300.0,1100.0
2026-09-06T10:23:56.277410+00:00,historical_market_backfill,-10.399,2026,1,regular,401868306,2026-09-06 00:00:00+00:00,Stephen F. Austin,East Texas A&M,Draft Kings,-23.5,Stephen F. Austin,Stephen F. Austin -23.5,,55.5,,,
2026-09-05T09:21:07.215390+00:00,pregame,14.648,2026,1,regular,401869142,2026-09-06 00:00:00+00:00,Louisiana,Lamar,DraftKings,-20.5,Louisiana,Louisiana -20.5,-18.5,48.5,48.5,-1200.0,750.0
2026-09-05T09:21:07.215390+00:00,pregame,14.648,2026,1,regular,401869142,2026-09-06 00:00:00+00:00,Louisiana,Lamar,Bovada,-20.0,Louisiana,Louisiana -20.0,-20.0,48.5,48.5,-1400.0,750.0
2026-09-06T10:23:56.277410+00:00,historical_market_backfill,-10.399,2026,1,regular,401869142,2026-09-06 00:00:00+00:00,Louisiana,Lamar,DraftKings,-20.5,Louisiana,Louisiana -20.5,-18.5,48.5,48.5,-1200.0,750.0
2026-09-06T10:23:56.277410+00:00,historical_market_backfill,-10.399,2026,1,regular,401869142,2026-09-06 00:00:00+00:00,Louisiana,Lamar,Bovada,-20.0,Louisiana,Louisiana -20.0,-20.0,48.5,48.5,-1400.0,750.0
2026-09-06T10:23:56.277410+00:00,historical_market_backfill,-10.399,2026,1,regular,401869142,2026-09-06 00:00:00+00:00,Louisiana,Lamar,Draft Kings,-20.5,Louisiana,Louisiana -20.5,,48.5,,,
2026-09-05T09:21:07.215390+00:00,pregame,15.148,2026,1,regular,401868119,2026-09-06 00:30:00+00:00,Montana State,Butler,DraftKings,-45.5,Montana State,Montana State -45.5,-45.5,59.5,59.5,,
2026-09-06T10:23:56.277410+00:00,historical_market_backfill,-9.899,2026,1,regular,401868119,2026-09-06 00:30:00+00:00,Montana State,Butler,DraftKings,-45.5,Montana State,Montana State -45.5,-45.5,59.5,59.5,,
2026-09-06T10:23:56.277410+00:00,historical_market_backfill,-9.899,2026,1,regular,401868119,2026-09-06 00:30:00+00:00,Montana State,Butler,Draft Kings,-45.5,Montana State,Montana State -45.5,,59.5,,,
2026-09-05T09:21:07.215390+00:00,pregame,15.648,2026,1,regular,401870790,2026-09-06 01:00:00+00:00,New Mexico State,Mercyhurst,DraftKings,-28.5,New Mexico State,New Mexico State -28.5,-24.5,52.5,50.5,-8000.0,2200.0
2026-09-05T09:21:07.215390+00:00,pregame,15.648,2026,1,regular,401870790,2026-09-06 01:00:00+00:00,New Mexico State,Mercyhurst,Bovada,-28.5,New Mexico State,New Mexico State -28.5,-28.5,52.0,52.0,,
2026-09-06T10:23:56.277410+00:00,historical_market_backfill,-9.399,2026,1,regular,401870790,2026-09-06 01:00:00+00:00,New Mexico State,Mercyhurst,DraftKings,-29.5,New Mexico State,New Mexico State -29.5,-24.5,52.5,50.5,-8000.0,2200.0
2026-09-06T10:23:56.277410+00:00,historical_market_backfill,-9.399,2026,1,regular,401870790,2026-09-06 01:00:00+00:00,New Mexico State,Mercyhurst,Bovada,-28.5,New Mexico State,New Mexico State -28.5,-28.5,52.0,52.0,,
2026-09-06T10:23:56.277410+00:00,historical_market_backfill,-9.399,2026,1,regular,401870790,2026-09-06 01:00:00+00:00,New Mexico State,Mercyhurst,Draft Kings,-29.5,New Mexico State,New Mexico State -29.5,,52.5,,,
2026-09-05T09:21:07.215390+00:00,pregame,16.148,2026,1,regular,401856773,2026-09-06 01:30:00+00:00,Arizona,Northern Arizona,DraftKings,-31.5,Arizona,Arizona -31.5,-31.5,58.5,56.5,-8000.0,2200.0
2026-09-05T09:21:07.215390+00:00,pregame,16.148,2026,1,regular,401856773,2026-09-06 01:30:00+00:00,Arizona,Northern Arizona,Bovada,-31.5,Arizona,Arizona -31.5,-31.5,58.5,58.5,,
2026-09-06T10:23:56.277410+00:00,historical_market_backfill,-8.899,2026,1,regular,401856773,2026-09-06 01:30:00+00:00,Arizona,Northern Arizona,DraftKings,-32.5,Arizona,Arizona -32.5,-31.5,59.5,56.5,-6500.0,2000.0
2026-09-06T10:23:56.277410+00:00,historical_market_backfill,-8.899,2026,1,regular,401856773,2026-09-06 01:30:00+00:00,Arizona,Northern Arizona,Bovada,-31.5,Arizona,Arizona -31.5,-31.5,58.5,58.5,-10000.0,1600.0
2026-09-06T10:23:56.277410+00:00,historical_market_backfill,-8.899,2026,1,regular,401856773,2026-09-06 01:30:00+00:00,Arizona,Northern Arizona,Draft Kings,-33.5,Arizona,Arizona -33.5,,59.5,,,
2026-09-05T09:21:07.215390+00:00,pregame,16.148,2026,1,regular,401860879,2026-09-06 01:30:00+00:00,San Diego State,Portland State,DraftKings,-40.5,San Diego State,San Diego State -40.5,-38.5,62.5,57.5,,
2026-09-05T09:21:07.215390+00:00,pregame,16.148,2026,1,regular,401860879,2026-09-06 01:30:00+00:00,San Diego State,Portland State,Bovada,-40.5,San Diego State,San Diego State -40.5,-40.5,62.0,62.0,,
2026-09-06T10:23:56.277410+00:00,historical_market_backfill,-8.899,2026,1,regular,401860879,2026-09-06 01:30:00+00:00,San Diego State,Portland State,DraftKings,-38.5,San Diego State,San Diego State -38.5,-38.5,62.5,57.5,,
2026-09-06T10:23:56.277410+00:00,historical_market_backfill,-8.899,2026,1,regular,401860879,2026-09-06 01:30:00+00:00,San Diego State,Portland State,Bovada,-40.5,San Diego State,San Diego State -40.5,-40.5,62.0,62.0,,
2026-09-06T10:23:56.277410+00:00,historical_market_backfill,-8.899,2026,1,regular,401860879,2026-09-06 01:30:00+00:00,San Diego State,Portland State,Draft Kings,-38.5,San Diego State,San Diego State -38.5,,61.5,,,
2026-09-05T09:21:07.215390+00:00,pregame,16.648,2026,1,regular,401856774,2026-09-06 02:00:00+00:00,Arizona State,Morgan State,DraftKings,-44.5,Arizona State,Arizona State -44.5,-41.5,52.5,52.5,,
2026-09-05T09:21:07.215390+00:00,pregame,16.648,2026,1,regular,401856774,2026-09-06 02:00:00+00:00,Arizona State,Morgan State,Bovada,-45.0,Arizona State,Arizona State -45.0,-45.0,52.5,52.5,,
2026-09-06T10:23:56.277410+00:00,historical_market_backfill,-8.399,2026,1,regular,401856774,2026-09-06 02:00:00+00:00,Arizona State,Morgan State,DraftKings,-43.5,Arizona State,Arizona State -43.5,-41.5,52.5,52.5,,
2026-09-06T10:23:56.277410+00:00,historical_market_backfill,-8.399,2026,1,regular,401856774,2026-09-06 02:00:00+00:00,Arizona State,Morgan State,Bovada,-45.0,Arizona State,Arizona State -45.0,-45.0,52.5,52.5,,
2026-09-06T10:23:56.277410+00:00,historical_market_backfill,-8.399,2026,1,regular,401856774,2026-09-06 02:00:00+00:00,Arizona State,Morgan State,Draft Kings,-43.5,Arizona State,Arizona State -43.5,,52.5,,,
2026-09-05T09:21:07.215390+00:00,pregame,16.648,2026,1,regular,401864497,2026-09-06 02:00:00+00:00,Hawai'i,UNLV,Bovada,3.0,UNLV,UNLV -3.0,1.5,55.5,58.5,130.0,-150.0
2026-09-05T09:21:07.215390+00:00,pregame,16.648,2026,1,regular,401864497,2026-09-06 02:00:00+00:00,Hawai'i,UNLV,DraftKings,3.0,UNLV,UNLV -3,1.5,55.5,,130.0,-155.0
2026-09-06T10:23:56.277410+00:00,historical_market_backfill,-8.399,2026,1,regular,401864497,2026-09-06 02:00:00+00:00,Hawai'i,UNLV,Bovada,3.0,UNLV,UNLV -3.0,1.5,55.5,58.5,130.0,-150.0
2026-09-06T10:23:56.277410+00:00,historical_market_backfill,-8.399,2026,1,regular,401864497,2026-09-06 02:00:00+00:00,Hawai'i,UNLV,DraftKings,3.0,UNLV,UNLV -3,1.5,55.5,,120.0,-142.0
2026-09-06T10:23:56.277410+00:00,historical_market_backfill,-8.399,2026,1,regular,401864497,2026-09-06 02:00:00+00:00,Hawai'i,UNLV,Draft Kings,2.5,UNLV,UNLV -2.5,,55.5,,,
2026-09-05T09:21:07.215390+00:00,pregame,16.648,2026,1,regular,401864498,2026-09-06 02:00:00+00:00,New Mexico,Central Michigan,Bovada,-10.5,New Mexico,New Mexico -10.5,-12.5,47.0,49.0,-575.0,400.0
2026-09-05T09:21:07.215390+00:00,pregame,16.648,2026,1,regular,401864498,2026-09-06 02:00:00+00:00,New Mexico,Central Michigan,DraftKings,-10.5,New Mexico,New Mexico -10.5,-12.5,46.5,,-440.0,340.0
2026-09-06T10:23:56.277410+00:00,historical_market_backfill,-8.399,2026,1,regular,401864498,2026-09-06 02:00:00+00:00,New Mexico,Central Michigan,Bovada,-11.0,New Mexico,New Mexico -11.0,-12.5,47.0,49.0,-575.0,400.0
2026-09-06T10:23:56.277410+00:00,historical_market_backfill,-8.399,2026,1,regular,401864498,2026-09-06 02:00:00+00:00,New Mexico,Central Michigan,DraftKings,-10.5,New Mexico,New Mexico -10.5,-12.5,47.5,,-440.0,340.0
2026-09-06T10:23:56.277410+00:00,historical_market_backfill,-8.399,2026,1,regular,401864498,2026-09-06 02:00:00+00:00,New Mexico,Central Michigan,Draft Kings,-11.5,New Mexico,New Mexico -11.5,,47.5,,,
2026-09-05T09:21:07.215390+00:00,pregame,16.648,2026,1,regular,401866411,2026-09-06 02:00:00+00:00,Sacramento State,Mississippi Valley State,DraftKings,-37.5,Sacramento State,Sacramento State -37.5,-35.5,56.5,56.5,,
2026-09-06T10:23:56.277410+00:00,historical_market_backfill,-8.399,2026,1,regular,401866411,2026-09-06 02:00:00+00:00,Sacramento State,Mississippi Valley State,DraftKings,-37.5,Sacramento State,Sacramento State -37.5,-35.5,56.5,56.5,,
2026-09-06T10:23:56.277410+00:00,historical_market_backfill,-8.399,2026,1,regular,401866411,2026-09-06 02:00:00+00:00,Sacramento State,Mississippi Valley State,Draft Kings,-38.5,Sacramento State,Sacramento State -38.5,,56.5,,,
2026-09-05T09:21:07.215390+00:00,pregame,16.648,2026,1,regular,401868163,2026-09-06 02:00:00+00:00,San Diego,UC Davis,DraftKings,15.5,UC Davis,UC Davis -15.5,15.5,57.5,57.5,464.0,-710.0
2026-09-06T10:23:56.277410+00:00,historical_market_backfill,-8.399,2026,1,regular,401868163,2026-09-06 02:00:00+00:00,San Diego,UC Davis,DraftKings,14.5,UC Davis,UC Davis -14.5,15.5,54.5,57.5,509.0,-800.0
2026-09-06T10:23:56.277410+00:00,historical_market_backfill,-8.399,2026,1,regular,401868163,2026-09-06 02:00:00+00:00,San Diego,UC Davis,Draft Kings,14.5,UC Davis,UC Davis -14.5,,54.5,,,
2026-09-05T09:21:07.215390+00:00,pregame,17.148,2026,1,regular,401858210,2026-09-06 02:30:00+00:00,California,UCLA,Bovada,2.5,UCLA,UCLA -2.5,-3.5,53.5,53.5,110.0,-130.0
2026-09-05T09:21:07.215390+00:00,pregame,17.148,2026,1,regular,401858210,2026-09-06 02:30:00+00:00,California,UCLA,DraftKings,2.5,UCLA,UCLA -2.5,-1.5,53.5,,114.0,-135.0
2026-09-06T10:23:56.277410+00:00,historical_market_backfill,-7.899,2026,1,regular,401858210,2026-09-06 02:30:00+00:00,California,UCLA,Bovada,2.5,UCLA,UCLA -2.5,-3.5,53.5,53.5,110.0,-130.0
2026-09-06T10:23:56.277410+00:00,historical_market_backfill,-7.899,2026,1,regular,401858210,2026-09-06 02:30:00+00:00,California,UCLA,Draft Kings,2.5,UCLA,UCLA -2.5,,53.5,,,
2026-09-06T10:23:56.277410+00:00,historical_market_backfill,-7.899,2026,1,regular,401858210,2026-09-06 02:30:00+00:00,California,UCLA,DraftKings,2.5,UCLA,UCLA -2.5,-1.5,53.5,,120.0,-142.0
2026-09-05T09:21:07.215390+00:00,pregame,17.148,2026,1,regular,401864432,2026-09-06 02:30:00+00:00,Nevada,Western Kentucky,DraftKings,1.5,Western Kentucky,Western Kentucky -1.5,4.5,51.5,,-112.0,-108.0
2026-09-05T09:21:07.215390+00:00,pregame,17.148,2026,1,regular,401864432,2026-09-06 02:30:00+00:00,Nevada,Western Kentucky,Bovada,-1.0,Nevada,Nevada -1.0,4.0,51.5,53.5,120.0,-140.0
2026-09-06T10:23:56.277410+00:00,historical_market_backfill,-7.899,2026,1,regular,401864432,2026-09-06 02:30:00+00:00,Nevada,Western Kentucky,DraftKings,1.5,Western Kentucky,Western Kentucky -1.5,4.5,51.5,,-108.0,-112.0
2026-09-06T10:23:56.277410+00:00,historical_market_backfill,-7.899,2026,1,regular,401864432,2026-09-06 02:30:00+00:00,Nevada,Western Kentucky,Draft Kings,1.5,Western Kentucky,Western Kentucky -1.5,,51.5,,,
2026-09-06T10:23:56.277410+00:00,historical_market_backfill,-7.899,2026,1,regular,401864432,2026-09-06 02:30:00+00:00,Nevada,Western Kentucky,Bovada,-1.0,Nevada,Nevada -1.0,4.0,51.5,53.5,120.0,-140.0
2026-09-05T09:21:07.215390+00:00,pregame,30.648,2026,1,regular,401868967,2026-09-06 16:00:00+00:00,Prairie View A&M,Texas Southern,DraftKings,-10.5,Prairie View A&M,Prairie View A&M -10.5,-10.5,54.5,54.5,-483.0,345.0
2026-09-14T10:42:31.312346+00:00,historical_market_backfill,-186.7087,2026,1,regular,401868967,2026-09-06 16:00:00+00:00,Prairie View A&M,Texas Southern,DraftKings,-10.5,Prairie View A&M,Prairie View A&M -10.5,-10.5,54.5,54.5,-483.0,345.0
2026-09-14T10:42:31.312346+00:00,historical_market_backfill,-186.7087,2026,1,regular,401868967,2026-09-06 16:00:00+00:00,Prairie View A&M,Texas Southern,Draft Kings,-10.5,Prairie View A&M,Prairie View A&M -10.5,,54.5,,,
2026-09-05T09:21:07.215390+00:00,pregame,33.648,2026,1,regular,401867939,2026-09-06 19:00:00+00:00,Florida A&M,South Carolina State,DraftKings,17.5,South Carolina State,South Carolina State -17.5,17.5,55.5,,640.0,-1120.0
2026-09-06T10:23:56.277410+00:00,pregame,8.601,2026,1,regular,401867939,2026-09-06 19:00:00+00:00,Florida A&M,South Carolina State,DraftKings,19.5,South Carolina State,South Carolina State -19.5,17.5,55.5,,740.0,-1440.0
2026-09-14T10:42:31.312346+00:00,historical_market_backfill,-183.7087,2026,1,regular,401867939,2026-09-06 19:00:00+00:00,Florida A&M,South Carolina State,DraftKings,19.5,South Carolina State,South Carolina State -19.5,17.5,54.5,,740.0,-1420.0
2026-09-14T10:42:31.312346+00:00,historical_market_backfill,-183.7087,2026,1,regular,401867939,2026-09-06 19:00:00+00:00,Florida A&M,South Carolina State,Draft Kings,19.5,South Carolina State,South Carolina State -19.5,,52.5,,,
2026-09-05T09:21:07.215390+00:00,pregame,34.648,2026,1,regular,401858437,2026-09-06 20:00:00+00:00,Washington,Washington State,DraftKings,-23.5,Washington,Washington -23.5,-21.5,51.5,,-2400.0,1200.0
2026-09-05T09:21:07.215390+00:00,pregame,34.648,2026,1,regular,401858437,2026-09-06 20:00:00+00:00,Washington,Washington State,Bovada,-23.0,Washington,Washington -23.0,-21.5,51.0,50.5,-2200.0,1000.0
2026-09-14T10:42:31.312346+00:00,historical_market_backfill,-182.7087,2026,1,regular,401858437,2026-09-06 20:00:00+00:00,Washington,Washington State,DraftKings,-23.5,Washington,Washington -23.5,-21.5,51.5,,-2800.0,1300.0
2026-09-14T10:42:31.312346+00:00,historical_market_backfill,-182.7087,2026,1,regular,401858437,2026-09-06 20:00:00+00:00,Washington,Washington State,Bovada,-23.0,Washington,Washington -23.0,-21.5,51.0,50.5,-2200.0,1000.0
2026-09-14T10:42:31.312346+00:00,historical_market_backfill,-182.7087,2026,1,regular,401858437,2026-09-06 20:00:00+00:00,Washington,Washington State,Draft Kings,-23.5,Washington,Washington -23.5,,51.5,,,
2026-09-05T09:21:07.215390+00:00,pregame,38.148,2026,1,regular,401856661,2026-09-06 23:30:00+00:00,Ole Miss,Louisville,Bovada,-6.5,Ole Miss,Ole Miss -6.5,-8.5,55.0,52.5,-270.0,220.0
2026-09-05T09:21:07.215390+00:00,pregame,38.148,2026,1,regular,401856661,2026-09-06 23:30:00+00:00,Ole Miss,Louisville,DraftKings,-6.5,Ole Miss,Ole Miss -6.5,,54.5,,-270.0,220.0
2026-09-06T10:23:56.277410+00:00,pregame,13.101,2026,1,regular,401856661,2026-09-06 23:30:00+00:00,Ole Miss,Louisville,DraftKings,-6.5,Ole Miss,Ole Miss -6.5,,54.5,,-258.0,210.0
2026-09-14T10:42:31.312346+00:00,historical_market_backfill,-179.2087,2026,1,regular,401856661,2026-09-06 23:30:00+00:00,Ole Miss,Louisville,Bovada,-6.5,Ole Miss,Ole Miss -6.5,-8.5,55.0,52.5,-270.0,220.0
2026-09-14T10:42:31.312346+00:00,historical_market_backfill,-179.2087,2026,1,regular,401856661,2026-09-06 23:30:00+00:00,Ole Miss,Louisville,Draft Kings,-6.5,Ole Miss,Ole Miss -6.5,,54.5,,,
2026-09-14T10:42:31.312346+00:00,historical_market_backfill,-179.2087,2026,1,regular,401856661,2026-09-06 23:30:00+00:00,Ole Miss,Louisville,DraftKings,-6.5,Ole Miss,Ole Miss -6.5,,55.5,,-258.0,210.0
2026-09-05T09:21:07.215390+00:00,pregame,38.148,2026,1,regular,401858438,2026-09-06 23:30:00+00:00,Notre Dame,Wisconsin,Bovada,-20.5,Notre Dame,Notre Dame -20.5,-16.5,46.5,46.5,-2500.0,1000.0
2026-09-05T09:21:07.215390+00:00,pregame,38.148,2026,1,regular,401858438,2026-09-06 23:30:00+00:00,Notre Dame,Wisconsin,DraftKings,-20.5,Notre Dame,Notre Dame -20.5,,46.5,47.5,-2100.0,1100.0
2026-09-06T10:23:56.277410+00:00,pregame,13.101,2026,1,regular,401858438,2026-09-06 23:30:00+00:00,Notre Dame,Wisconsin,DraftKings,-20.5,Notre Dame,Notre Dame -20.5,,46.5,47.5,-1450.0,850.0
2026-09-14T10:42:31.312346+00:00,historical_market_backfill,-179.2087,2026,1,regular,401858438,2026-09-06 23:30:00+00:00,Notre Dame,Wisconsin,Bovada,-20.5,Notre Dame,Notre Dame -20.5,-16.5,46.5,46.5,-2500.0,1000.0
2026-09-14T10:42:31.312346+00:00,historical_market_backfill,-179.2087,2026,1,regular,401858438,2026-09-06 23:30:00+00:00,Notre Dame,Wisconsin,Draft Kings,-21.0,Notre Dame,Notre Dame -21,,45.5,,,
2026-09-14T10:42:31.312346+00:00,historical_market_backfill,-179.2087,2026,1,regular,401858438,2026-09-06 23:30:00+00:00,Notre Dame,Wisconsin,DraftKings,-21.0,Notre Dame,Notre Dame -21,,46.5,47.5,-1800.0,1000.0
2026-09-05T09:21:07.215390+00:00,pregame,62.148,2026,1,regular,401858212,2026-09-07 23:30:00+00:00,Florida State,SMU,DraftKings,3.0,SMU,SMU -3,,53.5,,130.0,-155.0
2026-09-05T09:21:07.215390+00:00,pregame,62.148,2026,1,regular,401858212,2026-09-07 23:30:00+00:00,Florida State,SMU,Bovada,3.0,SMU,SMU -3.0,2.5,53.0,52.5,145.0,-170.0
2026-09-06T10:23:56.277410+00:00,pregame,37.101,2026,1,regular,401858212,2026-09-07 23:30:00+00:00,Florida State,SMU,DraftKings,3.0,SMU,SMU -3,,52.5,,130.0,-155.0
2026-09-14T10:42:31.312346+00:00,historical_market_backfill,-155.2087,2026,1,regular,401858212,2026-09-07 23:30:00+00:00,Florida State,SMU,DraftKings,3.0,SMU,SMU -3,,54.5,,130.0,-155.0
2026-09-14T10:42:31.312346+00:00,historical_market_backfill,-155.2087,2026,1,regular,401858212,2026-09-07 23:30:00+00:00,Florida State,SMU,Bovada,3.0,SMU,SMU -3.0,2.5,54.5,52.5,145.0,-170.0
2026-09-14T10:42:31.312346+00:00,historical_market_backfill,-155.2087,2026,1,regular,401858212,2026-09-07 23:30:00+00:00,Florida State,SMU,Draft Kings,3.0,SMU,SMU -3,,52.5,,,
2026-09-14T10:42:31.312346+00:00,historical_market_backfill,-82.7087,2026,2,regular,401858213,2026-09-11 00:00:00+00:00,Miami,Florida A&M,Bovada,-59.5,Miami,Miami -59.5,-56.5,65.0,62.5,,
2026-09-14T10:42:31.312346+00:00,historical_market_backfill,-82.7087,2026,2,regular,401858213,2026-09-11 00:00:00+00:00,Miami,Florida A&M,DraftKings,-59.5,Miami,Miami -59.5,-55.5,66.5,62.5,,
2026-09-14T10:42:31.312346+00:00,historical_market_backfill,-82.7087,2026,2,regular,401858213,2026-09-11 00:00:00+00:00,Miami,Florida A&M,Draft Kings,-59.5,Miami,Miami -59.5,,66.5,,,
2026-09-14T10:42:31.312346+00:00,historical_market_backfill,-59.7087,2026,2,regular,401858215,2026-09-11 23:00:00+00:00,Louisville,Villanova,Bovada,-38.5,Louisville,Louisville -38.5,-36.5,57.0,56.0,,
2026-09-14T10:42:31.312346+00:00,historical_market_backfill,-59.7087,2026,2,regular,401858215,2026-09-11 23:00:00+00:00,Louisville,Villanova,DraftKings,-38.5,Louisville,Louisville -38.5,-36.5,56.5,55.5,,
2026-09-14T10:42:31.312346+00:00,historical_market_backfill,-59.7087,2026,2,regular,401858215,2026-09-11 23:00:00+00:00,Louisville,Villanova,Draft Kings,-39.5,Louisville,Louisville -39.5,,56.5,,,
2026-09-14T10:42:31.312346+00:00,historical_market_backfill,-59.7087,2026,2,regular,401858220,2026-09-11 23:00:00+00:00,Virginia,Norfolk State,DraftKings,-47.5,Virginia,Virginia -47.5,-44.5,56.5,54.5,,
2026-09-14T10:42:31.312346+00:00,historical_market_backfill,-59.7087,2026,2,regular,401858220,2026-09-11 23:00:00+00:00,Virginia,Norfolk State,Bovada,-47.0,Virginia,Virginia -47.0,-45.0,56.5,55.0,,
2026-09-14T10:42:31.312346+00:00,historical_market_backfill,-59.7087,2026,2,regular,401858220,2026-09-11 23:00:00+00:00,Virginia,Norfolk State,Draft Kings,-47.5,Virginia,Virginia -47.5,,56.5,,,
2026-09-14T10:42:31.312346+00:00,historical_market_backfill,-59.7087,2026,2,regular,401858222,2026-09-11 23:00:00+00:00,NC State,Richmond,DraftKings,-33.5,NC State,NC State -33.5,-30.5,50.5,48.5,-6500.0,2000.0
2026-09-14T10:42:31.312346+00:00,historical_market_backfill,-59.7087,2026,2,regular,401858222,2026-09-11 23:00:00+00:00,NC State,Richmond,Bovada,-33.0,NC State,NC State -33.0,-31.0,50.5,49.5,,
2026-09-14T10:42:31.312346+00:00,historical_market_backfill,-59.7087,2026,2,regular,401858222,2026-09-11 23:00:00+00:00,NC State,Richmond,Draft Kings,-33.5,NC State,NC State -33.5,,50.5,,,
2026-09-06T10:23:56.277410+00:00,pregame,133.101,2026,2,regular,401858214,2026-09-11 23:30:00+00:00,Boston College,Rutgers,DraftKings,-3.5,Boston College,Boston College -3.5,-3.5,55.5,,-175.0,145.0
2026-09-14T10:42:31.312346+00:00,historical_market_backfill,-59.2087,2026,2,regular,401858214,2026-09-11 23:30:00+00:00,Boston College,Rutgers,DraftKings,-3.0,Boston College,Boston College -3,-3.5,53.5,,-148.0,124.0
2026-09-14T10:42:31.312346+00:00,historical_market_backfill,-59.2087,2026,2,regular,401858214,2026-09-11 23:30:00+00:00,Boston College,Rutgers,Bovada,-3.0,Boston College,Boston College -3.0,-3.5,53.5,54.5,-170.0,145.0
2026-09-14T10:42:31.312346+00:00,historical_market_backfill,-59.2087,2026,2,regular,401858214,2026-09-11 23:30:00+00:00,Boston College,Rutgers,Draft Kings,-3.0,Boston College,Boston College -3,,53.5,,,
2026-09-05T09:21:07.215390+00:00,pregame,158.648,2026,2,regular,401856678,2026-09-12 00:00:00+00:00,Kansas,Missouri,DraftKings,6.5,Missouri,Missouri -6.5,7.0,51.5,52.5,180.0,-218.0
2026-09-06T10:23:56.277410+00:00,pregame,133.601,2026,2,regular,401856678,2026-09-12 00:00:00+00:00,Kansas,Missouri,DraftKings,6.5,Missouri,Missouri -6.5,7.0,51.5,52.5,195.0,-238.0
2026-09-14T10:42:31.312346+00:00,historical_market_backfill,-58.7087,2026,2,regular,401856678,2026-09-12 00:00:00+00:00,Kansas,Missouri,DraftKings,4.0,Missouri,Missouri -4,7.0,51.5,52.5,160.0,-192.0
2026-09-14T10:42:31.312346+00:00,historical_market_backfill,-58.7087,2026,2,regular,401856678,2026-09-12 00:00:00+00:00,Kansas,Missouri,Bovada,4.0,Missouri,Missouri -4.0,6.5,52.0,50.0,175.0,-210.0
2026-09-14T10:42:31.312346+00:00,historical_market_backfill,-58.7087,2026,2,regular,401856678,2026-09-12 00:00:00+00:00,Kansas,Missouri,Draft Kings,4.0,Missouri,Missouri -4,,51.5,,,
2026-09-05T09:21:07.215390+00:00,pregame,174.648,2026,2,regular,401856679,2026-09-12 16:00:00+00:00,Michigan,Oklahoma,DraftKings,1.5,Oklahoma,Oklahoma -1.5,-1.5,46.5,46.5,-102.0,-118.0
2026-09-05T09:21:07.215390+00:00,pregame,174.648,2026,2,regular,401856679,2026-09-12 16:00:00+00:00,Michigan,Oklahoma,Bovada,-2.5,Michigan,Michigan -2.5,-1.5,45.5,45.5,-145.0,125.0
2026-09-06T10:23:56.277410+00:00,pregame,149.601,2026,2,regular,401856679,2026-09-12 16:00:00+00:00,Michigan,Oklahoma,DraftKings,4.5,Oklahoma,Oklahoma -4.5,-1.5,44.5,46.5,170.0,-205.0
2026-09-14T10:42:31.312346+00:00,historical_market_backfill,-42.7087,2026,2,regular,401856679,2026-09-12 16:00:00+00:00,Michigan,Oklahoma,DraftKings,5.5,Oklahoma,Oklahoma -5.5,-1.5,43.5,46.5,170.0,-205.0
2026-09-14T10:42:31.312346+00:00,historical_market_backfill,-42.7087,2026,2,regular,401856679,2026-09-12 16:00:00+00:00,Michigan,Oklahoma,Bovada,4.5,Oklahoma,Oklahoma -4.5,-1.5,43.5,45.5,175.0,-210.0
2026-09-14T10:42:31.312346+00:00,historical_market_backfill,-42.7087,2026,2,regular,401856679,2026-09-12 16:00:00+00:00,Michigan,Oklahoma,Draft Kings,5.5,Oklahoma,Oklahoma -5.5,,43.5,,,
2026-09-05T09:21:07.215390+00:00,pregame,174.648,2026,2,regular,401856683,2026-09-12 16:00:00+00:00,Texas A&M,Arizona State,DraftKings,-14.5,Texas A&M,Texas A&M -14.5,-14.5,50.5,51.5,-550.0,410.0
2026-09-06T10:23:56.277410+00:00,pregame,149.601,2026,2,regular,401856683,2026-09-12 16:00:00+00:00,Texas A&M,Arizona State,DraftKings,-14.5,Texas A&M,Texas A&M -14.5,-14.5,50.5,51.5,-650.0,470.0
2026-09-14T10:42:31.312346+00:00,historical_market_backfill,-42.7087,2026,2,regular,401856683,2026-09-12 16:00:00+00:00,Texas A&M,Arizona State,DraftKings,-14.5,Texas A&M,Texas A&M -14.5,-14.5,51.5,51.5,-750.0,525.0
2026-09-14T10:42:31.312346+00:00,historical_market_backfill,-42.7087,2026,2,regular,401856683,2026-09-12 16:00:00+00:00,Texas A&M,Arizona State,Bovada,-15.0,Texas A&M,Texas A&M -15.0,-14.0,51.5,51.5,-650.0,450.0
2026-09-14T10:42:31.312346+00:00,historical_market_backfill,-42.7087,2026,2,regular,401856683,2026-09-12 16:00:00+00:00,Texas A&M,Arizona State,Draft Kings,-15.5,Texas A&M,Texas A&M -15.5,,51.5,,,
2026-09-05T09:21:07.215390+00:00,pregame,174.648,2026,2,regular,401856781,2026-09-12 16:00:00+00:00,Kansas State,Washington State,DraftKings,-16.5,Kansas State,Kansas State -16.5,-16.5,51.5,51.5,-1000.0,650.0
2026-09-14T10:42:31.312346+00:00,historical_market_backfill,-42.7087,2026,2,regular,401856781,2026-09-12 16:00:00+00:00,Kansas State,Washington State,DraftKings,-17.5,Kansas State,Kansas State -17.5,-16.5,48.5,51.5,-1050.0,675.0
2026-09-14T10:42:31.312346+00:00,historical_market_backfill,-42.7087,2026,2,regular,401856781,2026-09-12 16:00:00+00:00,Kansas State,Washington State,Bovada,-18.0,Kansas State,Kansas State -18.0,-18.5,48.0,49.0,-1100.0,650.0
2026-09-14T10:42:31.312346+00:00,historical_market_backfill,-42.7087,2026,2,regular,401856781,2026-09-12 16:00:00+00:00,Kansas State,Washington State,Draft Kings,-17.5,Kansas State,Kansas State -17.5,,48.5,,,
2026-09-05T09:21:07.215390+00:00,pregame,174.648,2026,2,regular,401856782,2026-09-12 16:00:00+00:00,Oklahoma State,Oregon,DraftKings,19.5,Oregon,Oregon -19.5,18.5,60.5,60.5,750.0,-1200.0
2026-09-06T10:23:56.277410+00:00,pregame,149.601,2026,2,regular,401856782,2026-09-12 16:00:00+00:00,Oklahoma State,Oregon,DraftKings,22.5,Oregon,Oregon -22.5,18.5,59.5,60.5,1100.0,-2100.0
2026-09-14T10:42:31.312346+00:00,historical_market_backfill,-42.7087,2026,2,regular,401856782,2026-09-12 16:00:00+00:00,Oklahoma State,Oregon,DraftKings,23.5,Oregon,Oregon -23.5,18.5,54.5,60.5,1100.0,-2100.0
2026-09-14T10:42:31.312346+00:00,historical_market_backfill,-42.7087,2026,2,regular,401856782,2026-09-12 16:00:00+00:00,Oklahoma State,Oregon,Bovada,24.0,Oregon,Oregon -24.0,22.5,55.5,57.5,1000.0,-2200.0
2026-09-14T10:42:31.312346+00:00,historical_market_backfill,-42.7087,2026,2,regular,401856782,2026-09-12 16:00:00+00:00,Oklahoma State,Oregon,Draft Kings,24.5,Oregon,Oregon -24.5,,55.5,,,
2026-09-14T10:42:31.312346+00:00,historical_market_backfill,-42.7087,2026,2,regular,401858218,2026-09-12 16:00:00+00:00,North Carolina,East Tennessee State,DraftKings,-35.5,North Carolina,North Carolina -35.5,-34.5,54.5,54.5,-100000.0,5000.0
2026-09-14T10:42:31.312346+00:00,historical_market_backfill,-42.7087,2026,2,regular,401858218,2026-09-12 16:00:00+00:00,North Carolina,East Tennessee State,Bovada,-35.5,North Carolina,North Carolina -35.5,-35.5,55.0,54.0,,
2026-09-14T10:42:31.312346+00:00,historical_market_backfill,-42.7087,2026,2,regular,401858218,2026-09-12 16:00:00+00:00,North Carolina,East Tennessee State,Draft Kings,-36.5,North Carolina,North Carolina -36.5,,55.5,,,
2026-09-05T09:21:07.215390+00:00,pregame,174.648,2026,2,regular,401858221,2026-09-12 16:00:00+00:00,Virginia Tech,Old Dominion,DraftKings,-14.5,Virginia Tech,Virginia Tech -14.5,-14.0,51.5,,-625.0,455.0
2026-09-14T10:42:31.312346+00:00,historical_market_backfill,-42.7087,2026,2,regular,401858221,2026-09-12 16:00:00+00:00,Virginia Tech,Old Dominion,DraftKings,-17.5,Virginia Tech,Virginia Tech -17.5,-14.0,47.5,,-1000.0,650.0
2026-09-14T10:42:31.312346+00:00,historical_market_backfill,-42.7087,2026,2,regular,401858221,2026-09-12 16:00:00+00:00,Virginia Tech,Old Dominion,Bovada,-18.0,Virginia Tech,Virginia Tech -18.0,-18.5,47.5,51.0,-1200.0,700.0
2026-09-14T10:42:31.312346+00:00,historical_market_backfill,-42.7087,2026,2,regular,401858221,2026-09-12 16:00:00+00:00,Virginia Tech,Old Dominion,Draft Kings,-17.5,Virginia Tech,Virginia Tech -17.5,,47.5,,,
2026-09-05T09:21:07.215390+00:00,pregame,174.648,2026,2,regular,401858224,2026-09-12 16:00:00+00:00,Purdue,Wake Forest,DraftKings,3.5,Wake Forest,Wake Forest -3.5,3.5,49.5,49.5,130.0,-155.0
2026-09-14T10:42:31.312346+00:00,historical_market_backfill,-42.7087,2026,2,regular,401858224,2026-09-12 16:00:00+00:00,Purdue,Wake Forest,DraftKings,3.0,Wake Forest,Wake Forest -3,3.5,51.5,49.5,124.0,-148.0
2026-09-14T10:42:31.312346+00:00,historical_market_backfill,-42.7087,2026,2,regular,401858224,2026-09-12 16:00:00+00:00,Purdue,Wake Forest,Bovada,2.5,Wake Forest,Wake Forest -2.5,4.5,51.0,50.0,160.0,-185.0
2026-09-14T10:42:31.312346+00:00,historical_market_backfill,-42.7087,2026,2,regular,401858224,2026-09-12 16:00:00+00:00,Purdue,Wake Forest,Draft Kings,2.5,Wake Forest,Wake Forest -2.5,,51.5,,,
2026-09-14T10:42:31.312346+00:00,historical_market_backfill,-42.7087,2026,2,regular,401858439,2026-09-12 16:00:00+00:00,Indiana,Howard,DraftKings,-57.5,Indiana,Indiana -57.5,-56.5,66.5,64.5,,
2026-09-14T10:42:31.312346+00:00,historical_market_backfill,-42.7087,2026,2,regular,401858439,2026-09-12 16:00:00+00:00,Indiana,Howard,Bovada,-57.5,Indiana,Indiana -57.5,-57.5,67.5,66.0,,
2026-09-14T10:42:31.312346+00:00,historical_market_backfill,-42.7087,2026,2,regular,401858439,2026-09-12 16:00:00+00:00,Indiana,Howard,Draft Kings,-57.5,Indiana,Indiana -57.5,,67.5,,,
2026-09-05T09:21:07.215390+00:00,pregame,174.648,2026,2,regular,401858442,2026-09-12 16:00:00+00:00,Temple,Penn State,DraftKings,21.5,Penn State,Penn State -21.5,21.5,51.5,51.5,1100.0,-2100.0
2026-09-14T10:42:31.312346+00:00,historical_market_backfill,-42.7087,2026,2,regular,401858442,2026-09-12 16:00:00+00:00,Temple,Penn State,DraftKings,24.5,Penn State,Penn State -24.5,21.5,50.5,51.5,1300.0,-2800.0
2026-09-14T10:42:31.312346+00:00,historical_market_backfill,-42.7087,2026,2,regular,401858442,2026-09-12 16:00:00+00:00,Temple,Penn State,Bovada,24.0,Penn State,Penn State -24.0,23.5,50.0,49.5,1100.0,-3300.0
2026-09-14T10:42:31.312346+00:00,historical_market_backfill,-42.7087,2026,2,regular,401858442,2026-09-12 16:00:00+00:00,Temple,Penn State,Draft Kings,24.5,Penn State,Penn State -24.5,,49.5,,,
2026-09-05T09:21:07.215390+00:00,pregame,174.648,2026,2,regular,401862702,2026-09-12 16:00:00+00:00,Army,South Florida,DraftKings,-1.5,Army,Army -1.5,-1.5,52.5,52.5,-118.0,-102.0
2026-09-14T10:42:31.312346+00:00,historical_market_backfill,-42.7087,2026,2,regular,401862702,2026-09-12 16:00:00+00:00,Army,South Florida,DraftKings,-3.0,Army,Army -3,-1.5,45.5,52.5,-166.0,140.0
2026-09-14T10:42:31.312346+00:00,historical_market_backfill,-42.7087,2026,2,regular,401862702,2026-09-12 16:00:00+00:00,Army,South Florida,Bovada,-3.0,Army,Army -3.0,-3.5,45.5,49.5,-175.0,150.0
2026-09-14T10:42:31.312346+00:00,historical_market_backfill,-42.7087,2026,2,regular,401862702,2026-09-12 16:00:00+00:00,Army,South Florida,Draft Kings,-3.0,Army,Army -3,,45.5,,,
2026-09-05T09:21:07.215390+00:00,pregame,174.648,2026,2,regular,401864571,2026-09-12 16:00:00+00:00,East Carolina,App State,DraftKings,-10.0,East Carolina,East Carolina -10,-11.5,56.5,56.5,-375.0,295.0
2026-09-14T10:42:31.312346+00:00,historical_market_backfill,-42.7087,2026,2,regular,401864571,2026-09-12 16:00:00+00:00,East Carolina,App State,DraftKings,-6.5,East Carolina,East Carolina -6.5,-11.5,55.5,56.5,-250.0,205.0
2026-09-14T10:42:31.312346+00:00,historical_market_backfill,-42.7087,2026,2,regular,401864571,2026-09-12 16:00:00+00:00,East Carolina,App State,Bovada,-6.5,East Carolina,East Carolina -6.5,-8.0,56.0,56.5,-350.0,275.0
2026-09-14T10:42:31.312346+00:00,historical_market_backfill,-42.7087,2026,2,regular,401864571,2026-09-12 16:00:00+00:00,East Carolina,App State,Draft Kings,-6.5,East Carolina,East Carolina -6.5,,55.5,,,
2026-09-14T10:42:31.312346+00:00,historical_market_backfill,-42.7087,2026,2,regular,401866416,2026-09-12 16:00:00+00:00,Kent State,Wofford,Bovada,-11.0,Kent State,Kent State -11.0,-11.0,47.0,47.0,,
2026-09-14T10:42:31.312346+00:00,historical_market_backfill,-42.7087,2026,2,regular,401866416,2026-09-12 16:00:00+00:00,Kent State,Wofford,DraftKings,-10.0,Kent State,Kent State -10,-11.5,45.5,47.5,-455.0,350.0
2026-09-14T10:42:31.312346+00:00,historical_market_backfill,-42.7087,2026,2,regular,401866416,2026-09-12 16:00:00+00:00,Kent State,Wofford,Draft Kings,-10.0,Kent State,Kent State -10,,45.5,,,
2026-09-14T10:42:31.312346+00:00,historical_market_backfill,-42.7087,2026,2,regular,401866628,2026-09-12 16:00:00+00:00,Rhode Island,Elon,DraftKings,-8.5,Rhode Island,Rhode Island -8.5,-8.5,48.5,48.5,-288.0,221.0
2026-09-14T10:42:31.312346+00:00,historical_market_backfill,-42.7087,2026,2,regular,401866628,2026-09-12 16:00:00+00:00,Rhode Island,Elon,Draft Kings,-8.5,Rhode Island,Rhode Island -8.5,,48.5,,,
2026-09-14T10:42:31.312346+00:00,historical_market_backfill,-42.7087,2026,2,regular,401866632,2026-09-12 16:00:00+00:00,Long Island University,UAlbany,DraftKings,2.5,UAlbany,UAlbany -2.5,5.5,44.5,44.5,116.0,-145.0
2026-09-14T10:42:31.312346+00:00,historical_market_backfill,-42.7087,2026,2,regular,401866632,2026-09-12 16:00:00+00:00,Long Island University,UAlbany,Draft Kings,2.5,UAlbany,UAlbany -2.5,,44.5,,,
2026-09-14T10:42:31.312346+00:00,historical_market_backfill,-42.7087,2026,2,regular,401866633,2026-09-12 16:00:00+00:00,North Carolina Central,North Carolina A&T,DraftKings,-24.5,North Carolina Central,North Carolina Central -24.5,-24.5,55.5,55.5,-2800.0,1040.0
2026-09-14T10:42:31.312346+00:00,historical_market_backfill,-42.7087,2026,2,regular,401866633,2026-09-12 16:00:00+00:00,North Carolina Central,North Carolina A&T,Draft Kings,-24.5,North Carolina Central,North Carolina Central -24.5,,55.5,,,
2026-09-14T10:42:31.312346+00:00,historical_market_backfill,-42.7087,2026,2,regular,401867929,2026-09-12 16:00:00+00:00,James Madison,Wagner,Bovada,-46.5,James Madison,James Madison -46.5,-45.5,57.0,55.0,,
2026-09-14T10:42:31.312346+00:00,historical_market_backfill,-42.7087,2026,2,regular,401867929,2026-09-12 16:00:00+00:00,James Madison,Wagner,DraftKings,-46.5,James Madison,James Madison -46.5,-45.5,56.5,54.5,,
2026-09-14T10:42:31.312346+00:00,historical_market_backfill,-42.7087,2026,2,regular,401867929,2026-09-12 16:00:00+00:00,James Madison,Wagner,Draft Kings,-46.5,James Madison,James Madison -46.5,,56.5,,,
2026-09-14T10:42:31.312346+00:00,historical_market_backfill,-42.7087,2026,2,regular,401868187,2026-09-12 16:00:00+00:00,Liberty,Gardner-Webb,Bovada,-28.5,Liberty,Liberty -28.5,-27.5,55.5,55.0,,
2026-09-14T10:42:31.312346+00:00,historical_market_backfill,-42.7087,2026,2,regular,401868187,2026-09-12 16:00:00+00:00,Liberty,Gardner-Webb,DraftKings,-29.5,Liberty,Liberty -29.5,-25.5,55.5,55.5,-4500.0,1700.0
2026-09-14T10:42:31.312346+00:00,historical_market_backfill,-42.7087,2026,2,regular,401868187,2026-09-12 16:00:00+00:00,Liberty,Gardner-Webb,Draft Kings,-28.5,Liberty,Liberty -28.5,,55.5,,,
2026-09-14T10:42:31.312346+00:00,historical_market_backfill,-42.2087,2026,2,regular,401868028,2026-09-12 16:30:00+00:00,Lafayette,Marist,DraftKings,-15.5,Lafayette,Lafayette -15.5,-12.5,47.5,47.5,-820.0,517.0
2026-09-14T10:42:31.312346+00:00,historical_market_backfill,-42.2087,2026,2,regular,401868028,2026-09-12 16:30:00+00:00,Lafayette,Marist,Draft Kings,-15.5,Lafayette,Lafayette -15.5,,47.5,,,
2026-09-05T09:21:07.215390+00:00,pregame,175.398,2026,2,regular,401856673,2026-09-12 16:45:00+00:00,Georgia,Western Kentucky,DraftKings,-35.5,Georgia,Georgia -35.5,-35.5,52.5,52.5,,
2026-09-14T10:42:31.312346+00:00,historical_market_backfill,-41.9587,2026,2,regular,401856673,2026-09-12 16:45:00+00:00,Georgia,Western Kentucky,DraftKings,-40.5,Georgia,Georgia -40.5,-35.5,55.5,52.5,,
2026-09-14T10:42:31.312346+00:00,historical_market_backfill,-41.9587,2026,2,regular,401856673,2026-09-12 16:45:00+00:00,Georgia,Western Kentucky,Bovada,-40.0,Georgia,Georgia -40.0,-39.5,56.0,54.0,,
2026-09-14T10:42:31.312346+00:00,historical_market_backfill,-41.9587,2026,2,regular,401856673,2026-09-12 16:45:00+00:00,Georgia,Western Kentucky,Draft Kings,-40.5,Georgia,Georgia -40.5,,55.5,,,
2026-09-14T10:42:31.312346+00:00,historical_market_backfill,-41.7087,2026,2,regular,401856791,2026-09-12 17:00:00+00:00,West Virginia,UT Martin,Bovada,-41.5,West Virginia,West Virginia -41.5,-42.0,57.5,55.5,,
2026-09-14T10:42:31.312346+00:00,historical_market_backfill,-41.7087,2026,2,regular,401856791,2026-09-12 17:00:00+00:00,West Virginia,UT Martin,DraftKings,-41.5,West Virginia,West Virginia -41.5,-40.5,56.5,55.5,,
2026-09-14T10:42:31.312346+00:00,historical_market_backfill,-41.7087,2026,2,regular,401856791,2026-09-12 17:00:00+00:00,West Virginia,UT Martin,Draft Kings,-41.5,West Virginia,West Virginia -41.5,,57.5,,,
2026-09-14T10:42:31.312346+00:00,historical_market_backfill,-41.7087,2026,2,regular,401866415,2026-09-12 17:00:00+00:00,Central Michigan,Colgate,DraftKings,-18.5,Central Michigan,Central Michigan -18.5,-23.5,49.5,49.5,-1600.0,900.0
2026-09-14T10:42:31.312346+00:00,historical_market_backfill,-41.7087,2026,2,regular,401866415,2026-09-12 17:00:00+00:00,Central Michigan,Colgate,Bovada,-18.5,Central Michigan,Central Michigan -18.5,-22.0,49.0,49.5,-1600.0,850.0
2026-09-14T10:42:31.312346+00:00,historical_market_backfill,-41.7087,2026,2,regular,401866415,2026-09-12 17:00:00+00:00,Central Michigan,Colgate,Draft Kings,-18.5,Central Michigan,Central Michigan -18.5,,48.5,,,
2026-09-14T10:42:31.312346+00:00,historical_market_backfill,-41.7087,2026,2,regular,401866417,2026-09-12 17:00:00+00:00,Miami (OH),Holy Cross,DraftKings,-30.5,Miami (OH),Miami (OH) -30.5,-30.5,47.5,49.5,-6500.0,2000.0
2026-09-14T10:42:31.312346+00:00,historical_market_backfill,-41.7087,2026,2,regular,401866417,2026-09-12 17:00:00+00:00,Miami (OH),Holy Cross,Bovada,-30.5,Miami (OH),Miami (OH) -30.5,-30.5,47.0,50.0,,
2026-09-14T10:42:31.312346+00:00,historical_market_backfill,-41.7087,2026,2,regular,401866417,2026-09-12 17:00:00+00:00,Miami (OH),Holy Cross,Draft Kings,-30.5,Miami (OH),Miami (OH) -30.5,,46.5,,,
2026-09-14T10:42:31.312346+00:00,historical_market_backfill,-41.2087,2026,2,regular,401867990,2026-09-12 17:30:00+00:00,VMI,Bucknell,DraftKings,8.5,Bucknell,Bucknell -8.5,10.5,47.5,47.5,248.0,-327.0
2026-09-14T10:42:31.312346+00:00,historical_market_backfill,-41.2087,2026,2,regular,401867990,2026-09-12 17:30:00+00:00,VMI,Bucknell,Draft Kings,8.5,Bucknell,Bucknell -8.5,,47.5,,,
2026-09-14T10:42:31.312346+00:00,historical_market_backfill,-40.7087,2026,2,regular,401866413,2026-09-12 18:00:00+00:00,Ball State,Stony Brook,DraftKings,-13.5,Ball State,Ball State -13.5,-14.5,52.5,57.5,-575.0,425.0
2026-09-14T10:42:31.312346+00:00,historical_market_backfill,-40.7087,2026,2,regular,401866413,2026-09-12 18:00:00+00:00,Ball State,Stony Brook,Bovada,-13.5,Ball State,Ball State -13.5,-14.0,53.0,54.5,-625.0,430.0
2026-09-14T10:42:31.312346+00:00,historical_market_backfill,-40.7087,2026,2,regular,401866413,2026-09-12 18:00:00+00:00,Ball State,Stony Brook,Draft Kings,-13.5,Ball State,Ball State -13.5,,52.5,,,
2026-09-14T10:42:31.312346+00:00,historical_market_backfill,-40.7087,2026,2,regular,401867884,2026-09-12 18:00:00+00:00,South Dakota,Eastern Washington,DraftKings,-15.5,South Dakota,South Dakota -15.5,-16.5,61.5,58.5,-740.0,482.0
2026-09-14T10:42:31.312346+00:00,historical_market_backfill,-40.7087,2026,2,regular,401867884,2026-09-12 18:00:00+00:00,South Dakota,Eastern Washington,Draft Kings,-15.5,South Dakota,South Dakota -15.5,,61.5,,,
2026-09-14T10:42:31.312346+00:00,historical_market_backfill,-40.7087,2026,2,regular,401867895,2026-09-12 18:00:00+00:00,Youngstown State,Duquesne,DraftKings,-22.5,Youngstown State,Youngstown State -22.5,-22.5,54.5,53.5,-2500.0,980.0
2026-09-14T10:42:31.312346+00:00,historical_market_backfill,-40.7087,2026,2,regular,401867895,2026-09-12 18:00:00+00:00,Youngstown State,Duquesne,Draft Kings,-22.5,Youngstown State,Youngstown State -22.5,,54.5,,,
2026-09-14T10:42:31.312346+00:00,historical_market_backfill,-40.7087,2026,2,regular,401868033,2026-09-12 18:00:00+00:00,Lehigh,William & Mary,DraftKings,-13.5,Lehigh,Lehigh -13.5,-11.5,47.5,47.5,-449.0,325.0
2026-09-14T10:42:31.312346+00:00,historical_market_backfill,-40.7087,2026,2,regular,401868033,2026-09-12 18:00:00+00:00,Lehigh,William & Mary,Draft Kings,-13.5,Lehigh,Lehigh -13.5,,47.5,,,
2026-09-14T10:42:31.312346+00:00,historical_market_backfill,-40.7087,2026,2,regular,401868255,2026-09-12 18:00:00+00:00,Northern Iowa,Drake,DraftKings,-11.5,Northern Iowa,Northern Iowa -11.5,-10.5,59.5,54.5,-521.0,368.0
2026-09-14T10:42:31.312346+00:00,historical_market_backfill,-40.7087,2026,2,regular,401868255,2026-09-12 18:00:00+00:00,Northern Iowa,Drake,Draft Kings,-11.5,Northern Iowa,Northern Iowa -11.5,,59.5,,,
2026-09-14T10:42:31.312346+00:00,historical_market_backfill,-39.7087,2026,2,regular,401868112,2026-09-12 19:00:00+00:00,Montana,Utah Tech,Bovada,-38.5,Montana,Montana -38.5,-38.5,56.5,56.5,,
2026-09-14T10:42:31.312346+00:00,historical_market_backfill,-39.7087,2026,2,regular,401868112,2026-09-12 19:00:00+00:00,Montana,Utah Tech,DraftKings,-36.5,Montana,Montana -36.5,-38.5,56.5,56.5,,
2026-09-14T10:42:31.312346+00:00,historical_market_backfill,-39.7087,2026,2,regular,401868112,2026-09-12 19:00:00+00:00,Montana,Utah Tech,Draft Kings,-35.5,Montana,Montana -35.5,,56.5,,,
2026-09-05T09:21:07.215390+00:00,pregame,178.148,2026,2,regular,401856674,2026-09-12 19:30:00+00:00,Kentucky,Alabama,DraftKings,10.5,Alabama,Alabama -10.5,10.5,48.5,,320.0,-410.0
2026-09-14T10:42:31.312346+00:00,historical_market_backfill,-39.2087,2026,2,regular,401856674,2026-09-12 19:30:00+00:00,Kentucky,Alabama,DraftKings,8.5,Alabama,Alabama -8.5,10.5,46.5,,285.0,-360.0
2026-09-14T10:42:31.312346+00:00,historical_market_backfill,-39.2087,2026,2,regular,401856674,2026-09-12 19:30:00+00:00,Kentucky,Alabama,Bovada,8.0,Alabama,Alabama -8.0,10.5,47.0,49.0,320.0,-430.0
2026-09-14T10:42:31.312346+00:00,historical_market_backfill,-39.2087,2026,2,regular,401856674,2026-09-12 19:30:00+00:00,Kentucky,Alabama,Draft Kings,9.5,Alabama,Alabama -9.5,,47.5,,,
2026-09-05T09:21:07.215390+00:00,pregame,178.148,2026,2,regular,401856677,2026-09-12 19:30:00+00:00,Minnesota,Mississippi State,DraftKings,-2.5,Minnesota,Minnesota -2.5,-2.5,53.5,,-130.0,110.0
2026-09-06T10:23:56.277410+00:00,pregame,153.101,2026,2,regular,401856677,2026-09-12 19:30:00+00:00,Minnesota,Mississippi State,DraftKings,1.5,Mississippi State,Mississippi State -1.5,-2.5,55.5,,105.0,-125.0
2026-09-14T10:42:31.312346+00:00,historical_market_backfill,-39.2087,2026,2,regular,401856677,2026-09-12 19:30:00+00:00,Minnesota,Mississippi State,DraftKings,-1.5,Minnesota,Minnesota -1.5,-2.5,54.5,,-110.0,-110.0
2026-09-14T10:42:31.312346+00:00,historical_market_backfill,-39.2087,2026,2,regular,401856677,2026-09-12 19:30:00+00:00,Minnesota,Mississippi State,Bovada,-1.0,Minnesota,Minnesota -1.0,1.0,53.5,55.5,-115.0,-105.0
2026-09-14T10:42:31.312346+00:00,historical_market_backfill,-39.2087,2026,2,regular,401856677,2026-09-12 19:30:00+00:00,Minnesota,Mississippi State,Draft Kings,1.5,Mississippi State,Mississippi State -1.5,,53.5,,,
2026-09-14T10:42:31.312346+00:00,historical_market_backfill,-39.2087,2026,2,regular,401856785,2026-09-12 19:30:00+00:00,Colorado,Weber State,DraftKings,-38.5,Colorado,Colorado -38.5,-33.5,57.5,53.5,-6500.0,2000.0
2026-09-14T10:42:31.312346+00:00,historical_market_backfill,-39.2087,2026,2,regular,401856785,2026-09-12 19:30:00+00:00,Colorado,Weber State,Bovada,-38.5,Colorado,Colorado -38.5,-34.5,57.5,55.5,,
2026-09-14T10:42:31.312346+00:00,historical_market_backfill,-39.2087,2026,2,regular,401856785,2026-09-12 19:30:00+00:00,Colorado,Weber State,Draft Kings,-38.5,Colorado,Colorado -38.5,,57.5,,,
2026-09-05T09:21:07.215390+00:00,pregame,178.148,2026,2,regular,401856790,2026-09-12 19:30:00+00:00,Pittsburgh,UCF,DraftKings,-8.5,Pittsburgh,Pittsburgh -8.5,-8.5,51.5,51.5,-285.0,230.0
2026-09-06T10:23:56.277410+00:00,pregame,153.101,2026,2,regular,401856790,2026-09-12 19:30:00+00:00,Pittsburgh,UCF,DraftKings,-8.5,Pittsburgh,Pittsburgh -8.5,-8.5,56.5,51.5,-355.0,280.0
2026-09-14T10:42:31.312346+00:00,historical_market_backfill,-39.2087,2026,2,regular,401856790,2026-09-12 19:30:00+00:00,Pittsburgh,UCF,DraftKings,-7.0,Pittsburgh,Pittsburgh -7,-8.5,55.5,51.5,-298.0,240.0
2026-09-14T10:42:31.312346+00:00,historical_market_backfill,-39.2087,2026,2,regular,401856790,2026-09-12 19:30:00+00:00,Pittsburgh,UCF,Bovada,-7.0,Pittsburgh,Pittsburgh -7.0,-7.5,55.0,57.0,-300.0,250.0
2026-09-14T10:42:31.312346+00:00,historical_market_backfill,-39.2087,2026,2,regular,401856790,2026-09-12 19:30:00+00:00,Pittsburgh,UCF,Draft Kings,-7.5,Pittsburgh,Pittsburgh -7.5,,55.5,,,
2026-09-05T09:21:07.215390+00:00,pregame,178.148,2026,2,regular,401856810,2026-09-12 19:30:00+00:00,BYU,Arizona,DraftKings,-7.0,BYU,BYU -7,-6.5,51.5,,,
2026-09-06T10:23:56.277410+00:00,pregame,153.101,2026,2,regular,401856810,2026-09-12 19:30:00+00:00,BYU,Arizona,DraftKings,-7.0,BYU,BYU -7,-6.5,51.5,,-298.0,240.0
2026-09-14T10:42:31.312346+00:00,historical_market_backfill,-39.2087,2026,2,regular,401856810,2026-09-12 19:30:00+00:00,BYU,Arizona,DraftKings,-7.0,BYU,BYU -7,-6.5,48.5,,-270.0,220.0
2026-09-14T10:42:31.312346+00:00,historical_market_backfill,-39.2087,2026,2,regular,401856810,2026-09-12 19:30:00+00:00,BYU,Arizona,Bovada,-7.0,BYU,BYU -7.0,-7.5,49.0,50.5,-310.0,255.0
2026-09-14T10:42:31.312346+00:00,historical_market_backfill,-39.2087,2026,2,regular,401856810,2026-09-12 19:30:00+00:00,BYU,Arizona,Draft Kings,-6.5,BYU,BYU -6.5,,49.5,,,
2026-09-05T09:21:07.215390+00:00,pregame,178.148,2026,2,regular,401858216,2026-09-12 19:30:00+00:00,Syracuse,California,DraftKings,1.5,California,California -1.5,1.5,52.5,52.5,100.0,-120.0
2026-09-14T10:42:31.312346+00:00,historical_market_backfill,-39.2087,2026,2,regular,401858216,2026-09-12 19:30:00+00:00,Syracuse,California,DraftKings,-3.5,Syracuse,Syracuse -3.5,1.5,56.5,52.5,-198.0,164.0
2026-09-14T10:42:31.312346+00:00,historical_market_backfill,-39.2087,2026,2,regular,401858216,2026-09-12 19:30:00+00:00,Syracuse,California,Bovada,-4.0,Syracuse,Syracuse -4.0,-3.0,57.0,56.0,-165.0,140.0
2026-09-14T10:42:31.312346+00:00,historical_market_backfill,-39.2087,2026,2,regular,401858216,2026-09-12 19:30:00+00:00,Syracuse,California,Draft Kings,-4.0,Syracuse,Syracuse -4,,56.5,,,
2026-09-05T09:21:07.215390+00:00,pregame,178.148,2026,2,regular,401858217,2026-09-12 19:30:00+00:00,Illinois,Duke,DraftKings,-8.5,Illinois,Illinois -8.5,-8.5,56.5,,-310.0,250.0
2026-09-06T10:23:56.277410+00:00,pregame,153.101,2026,2,regular,401858217,2026-09-12 19:30:00+00:00,Illinois,Duke,DraftKings,-7.5,Illinois,Illinois -7.5,-8.5,54.5,,-340.0,270.0
2026-09-14T10:42:31.312346+00:00,historical_market_backfill,-39.2087,2026,2,regular,401858217,2026-09-12 19:30:00+00:00,Illinois,Duke,DraftKings,-6.5,Illinois,Illinois -6.5,-8.5,51.5,,-250.0,205.0
2026-09-14T10:42:31.312346+00:00,historical_market_backfill,-39.2087,2026,2,regular,401858217,2026-09-12 19:30:00+00:00,Illinois,Duke,Bovada,-6.5,Illinois,Illinois -6.5,-6.0,51.5,53.5,-235.0,195.0
2026-09-14T10:42:31.312346+00:00,historical_market_backfill,-39.2087,2026,2,regular,401858217,2026-09-12 19:30:00+00:00,Illinois,Duke,Draft Kings,-6.0,Illinois,Illinois -6,,51.5,,,
2026-09-05T09:21:07.215390+00:00,pregame,178.148,2026,2,regular,401858440,2026-09-12 19:30:00+00:00,Michigan State,Eastern Michigan,DraftKings,-15.5,Michigan State,Michigan State -15.5,-15.5,51.5,51.5,-800.0,550.0
2026-09-06T10:23:56.277410+00:00,pregame,153.101,2026,2,regular,401858440,2026-09-12 19:30:00+00:00,Michigan State,Eastern Michigan,DraftKings,-16.5,Michigan State,Michigan State -16.5,-15.5,51.5,51.5,-900.0,600.0
2026-09-14T10:42:31.312346+00:00,historical_market_backfill,-39.2087,2026,2,regular,401858440,2026-09-12 19:30:00+00:00,Michigan State,Eastern Michigan,DraftKings,-17.5,Michigan State,Michigan State -17.5,-15.5,49.5,51.5,-900.0,600.0
2026-09-14T10:42:31.312346+00:00,historical_market_backfill,-39.2087,2026,2,regular,401858440,2026-09-12 19:30:00+00:00,Michigan State,Eastern Michigan,Bovada,-17.5,Michigan State,Michigan State -17.5,-17.0,50.0,51.0,-1000.0,625.0
2026-09-14T10:42:31.312346+00:00,historical_market_backfill,-39.2087,2026,2,regular,401858440,2026-09-12 19:30:00+00:00,Michigan State,Eastern Michigan,Draft Kings,-17.5,Michigan State,Michigan State -17.5,,49.5,,,
2026-09-05T09:21:07.215390+00:00,pregame,178.148,2026,2,regular,401858444,2026-09-12 19:30:00+00:00,UConn,Maryland,DraftKings,12.5,Maryland,Maryland -12.5,12.5,53.5,53.5,320.0,-410.0
2026-09-14T10:42:31.312346+00:00,historical_market_backfill,-39.2087,2026,2,regular,401858444,2026-09-12 19:30:00+00:00,UConn,Maryland,DraftKings,11.5,Maryland,Maryland -11.5,12.5,52.5,53.5,350.0,-455.0
2026-09-14T10:42:31.312346+00:00,historical_market_backfill,-39.2087,2026,2,regular,401858444,2026-09-12 19:30:00+00:00,UConn,Maryland,Bovada,11.5,Maryland,Maryland -11.5,12.5,52.5,53.5,360.0,-500.0
2026-09-14T10:42:31.312346+00:00,historical_market_backfill,-39.2087,2026,2,regular,401858444,2026-09-12 19:30:00+00:00,UConn,Maryland,Draft Kings,11.5,Maryland,Maryland -11.5,,52.5,,,
2026-09-05T09:21:07.215390+00:00,pregame,178.148,2026,2,regular,401858446,2026-09-12 19:30:00+00:00,Washington,Utah State,DraftKings,-24.5,Washington,Washington -24.5,-24.5,56.5,56.5,-2400.0,1200.0
2026-09-14T10:42:31.312346+00:00,historical_market_backfill,-39.2087,2026,2,regular,401858446,2026-09-12 19:30:00+00:00,Washington,Utah State,DraftKings,-28.5,Washington,Washington -28.5,-24.5,55.5,56.5,-6500.0,2000.0
2026-09-14T10:42:31.312346+00:00,historical_market_backfill,-39.2087,2026,2,regular,401858446,2026-09-12 19:30:00+00:00,Washington,Utah State,Bovada,-28.5,Washington,Washington -28.5,-26.5,55.5,55.5,-5000.0,1300.0
2026-09-14T10:42:31.312346+00:00,historical_market_backfill,-39.2087,2026,2,regular,401858446,2026-09-12 19:30:00+00:00,Washington,Utah State,Draft Kings,-28.5,Washington,Washington -28.5,,55.5,,,
2026-09-05T09:21:07.215390+00:00,pregame,178.148,2026,2,regular,401859184,2026-09-12 19:30:00+00:00,Notre Dame,Rice,DraftKings,-44.5,Notre Dame,Notre Dame -44.5,-44.5,52.5,52.5,,
2026-09-14T10:42:31.312346+00:00,historical_market_backfill,-39.2087,2026,2,regular,401859184,2026-09-12 19:30:00+00:00,Notre Dame,Rice,DraftKings,-44.5,Notre Dame,Notre Dame -44.5,-44.5,54.5,52.5,,
2026-09-14T10:42:31.312346+00:00,historical_market_backfill,-39.2087,2026,2,regular,401859184,2026-09-12 19:30:00+00:00,Notre Dame,Rice,Bovada,-45.0,Notre Dame,Notre Dame -45.0,-44.5,54.5,54.5,,
2026-09-14T10:42:31.312346+00:00,historical_market_backfill,-39.2087,2026,2,regular,401859184,2026-09-12 19:30:00+00:00,Notre Dame,Rice,Draft Kings,-44.5,Notre Dame,Notre Dame -44.5,,54.5,,,
2026-09-05T09:21:07.215390+00:00,pregame,178.148,2026,2,regular,401860884,2026-09-12 19:30:00+00:00,Texas State,UTSA,DraftKings,-1.5,Texas State,Texas State -1.5,-1.5,64.5,,-118.0,-102.0
2026-09-14T10:42:31.312346+00:00,historical_market_backfill,-39.2087,2026,2,regular,401860884,2026-09-12 19:30:00+00:00,Texas State,UTSA,DraftKings,-2.5,Texas State,Texas State -2.5,-1.5,65.5,,-135.0,114.0
2026-09-14T10:42:31.312346+00:00,historical_market_backfill,-39.2087,2026,2,regular,401860884,2026-09-12 19:30:00+00:00,Texas State,UTSA,Bovada,-1.5,Texas State,Texas State -1.5,1.0,65.5,64.5,-110.0,-110.0
2026-09-14T10:42:31.312346+00:00,historical_market_backfill,-39.2087,2026,2,regular,401860884,2026-09-12 19:30:00+00:00,Texas State,UTSA,Draft Kings,-1.5,Texas State,Texas State -1.5,,65.5,,,
2026-09-05T09:21:07.215390+00:00,pregame,178.148,2026,2,regular,401862708,2026-09-12 19:30:00+00:00,UAB,UL Monroe,DraftKings,-7.5,UAB,UAB -7.5,-7.5,54.5,54.5,-290.0,235.0
2026-09-14T10:42:31.312346+00:00,historical_market_backfill,-39.2087,2026,2,regular,401862708,2026-09-12 19:30:00+00:00,UAB,UL Monroe,DraftKings,-9.5,UAB,UAB -9.5,-7.5,53.5,54.5,-360.0,285.0
2026-09-14T10:42:31.312346+00:00,historical_market_backfill,-39.2087,2026,2,regular,401862708,2026-09-12 19:30:00+00:00,UAB,UL Monroe,Bovada,-9.0,UAB,UAB -9.0,-10.5,53.5,56.0,-435.0,325.0
2026-09-14T10:42:31.312346+00:00,historical_market_backfill,-39.2087,2026,2,regular,401862708,2026-09-12 19:30:00+00:00,UAB,UL Monroe,Draft Kings,-9.5,UAB,UAB -9.5,,53.5,,,
2026-09-14T10:42:31.312346+00:00,historical_market_backfill,-39.2087,2026,2,regular,401866412,2026-09-12 19:30:00+00:00,Akron,Robert Morris,DraftKings,-26.5,Akron,Akron -26.5,-27.5,45.5,41.5,-3200.0,1400.0
2026-09-14T10:42:31.312346+00:00,historical_market_backfill,-39.2087,2026,2,regular,401866412,2026-09-12 19:30:00+00:00,Akron,Robert Morris,Bovada,-26.5,Akron,Akron -26.5,-27.5,45.5,44.0,-6500.0,1300.0
2026-09-14T10:42:31.312346+00:00,historical_market_backfill,-39.2087,2026,2,regular,401866412,2026-09-12 19:30:00+00:00,Akron,Robert Morris,Draft Kings,-26.5,Akron,Akron -26.5,,45.5,,,
2026-09-14T10:42:31.312346+00:00,historical_market_backfill,-39.2087,2026,2,regular,401866419,2026-09-12 19:30:00+00:00,Toledo,Central Connecticut,Bovada,-36.5,Toledo,Toledo -36.5,-36.0,52.5,54.5,,
2026-09-14T10:42:31.312346+00:00,historical_market_backfill,-39.2087,2026,2,regular,401866419,2026-09-12 19:30:00+00:00,Toledo,Central Connecticut,DraftKings,-36.5,Toledo,Toledo -36.5,-33.5,52.5,55.5,-20000.0,3500.0
2026-09-14T10:42:31.312346+00:00,historical_market_backfill,-39.2087,2026,2,regular,401866419,2026-09-12 19:30:00+00:00,Toledo,Central Connecticut,Draft Kings,-36.5,Toledo,Toledo -36.5,,52.5,,,
2026-09-14T10:42:31.312346+00:00,historical_market_backfill,-39.2087,2026,2,regular,401866420,2026-09-12 19:30:00+00:00,Massachusetts,Sacred Heart,DraftKings,-23.5,Massachusetts,Massachusetts -23.5,-23.5,53.5,53.5,-2400.0,1200.0
2026-09-14T10:42:31.312346+00:00,historical_market_backfill,-39.2087,2026,2,regular,401866420,2026-09-12 19:30:00+00:00,Massachusetts,Sacred Heart,Bovada,-23.5,Massachusetts,Massachusetts -23.5,-23.5,53.5,53.5,-2500.0,1000.0
2026-09-14T10:42:31.312346+00:00,historical_market_backfill,-39.2087,2026,2,regular,401866420,2026-09-12 19:30:00+00:00,Massachusetts,Sacred Heart,Draft Kings,-23.5,Massachusetts,Massachusetts -23.5,,53.5,,,
2026-09-05T09:21:07.215390+00:00,pregame,178.398,2026,2,regular,401862705,2026-09-12 19:45:00+00:00,North Texas,UNLV,DraftKings,6.5,UNLV,UNLV -6.5,6.5,61.5,61.5,185.0,-225.0
2026-09-14T10:42:31.312346+00:00,historical_market_backfill,-38.9587,2026,2,regular,401862705,2026-09-12 19:45:00+00:00,North Texas,UNLV,DraftKings,3.0,UNLV,UNLV -3,6.5,57.5,61.5,124.0,-148.0
2026-09-14T10:42:31.312346+00:00,historical_market_backfill,-38.9587,2026,2,regular,401862705,2026-09-12 19:45:00+00:00,North Texas,UNLV,Bovada,2.5,UNLV,UNLV -2.5,4.5,58.0,57.0,160.0,-185.0
2026-09-14T10:42:31.312346+00:00,historical_market_backfill,-38.9587,2026,2,regular,401862705,2026-09-12 19:45:00+00:00,North Texas,UNLV,Draft Kings,3.0,UNLV,UNLV -3,,58.5,,,
2026-09-14T10:42:31.312346+00:00,historical_market_backfill,-38.7087,2026,2,regular,401858223,2026-09-12 20:00:00+00:00,SMU,UC Davis,DraftKings,-32.5,SMU,SMU -32.5,-24.5,58.5,58.5,-4000.0,1600.0
2026-09-14T10:42:31.312346+00:00,historical_market_backfill,-38.7087,2026,2,regular,401858223,2026-09-12 20:00:00+00:00,SMU,UC Davis,Bovada,-32.5,SMU,SMU -32.5,-29.5,59.0,58.5,,
2026-09-14T10:42:31.312346+00:00,historical_market_backfill,-38.7087,2026,2,regular,401858223,2026-09-12 20:00:00+00:00,SMU,UC Davis,Draft Kings,-32.5,SMU,SMU -32.5,,59.5,,,
2026-09-14T10:42:31.312346+00:00,historical_market_backfill,-38.7087,2026,2,regular,401864506,2026-09-12 20:00:00+00:00,Wyoming,Northern Colorado,DraftKings,-23.5,Wyoming,Wyoming -23.5,-22.5,44.5,47.5,-1800.0,1000.0
2026-09-14T10:42:31.312346+00:00,historical_market_backfill,-38.7087,2026,2,regular,401864506,2026-09-12 20:00:00+00:00,Wyoming,Northern Colorado,Bovada,-23.5,Wyoming,Wyoming -23.5,-22.5,44.0,47.5,-2000.0,950.0
2026-09-14T10:42:31.312346+00:00,historical_market_backfill,-38.7087,2026,2,regular,401864506,2026-09-12 20:00:00+00:00,Wyoming,Northern Colorado,Draft Kings,-23.5,Wyoming,Wyoming -23.5,,44.5,,,
2026-09-14T10:42:31.312346+00:00,historical_market_backfill,-38.7087,2026,2,regular,401865252,2026-09-12 20:00:00+00:00,New Mexico,Mercyhurst,Bovada,-42.0,New Mexico,New Mexico -42.0,-41.5,54.5,52.5,,
2026-09-14T10:42:31.312346+00:00,historical_market_backfill,-38.7087,2026,2,regular,401865252,2026-09-12 20:00:00+00:00,New Mexico,Mercyhurst,DraftKings,-42.5,New Mexico,New Mexico -42.5,-40.5,54.5,51.5,,
2026-09-14T10:42:31.312346+00:00,historical_market_backfill,-38.7087,2026,2,regular,401865252,2026-09-12 20:00:00+00:00,New Mexico,Mercyhurst,Draft Kings,-42.5,New Mexico,New Mexico -42.5,,54.5,,,
2026-09-14T10:42:31.312346+00:00,historical_market_backfill,-38.7087,2026,2,regular,401868093,2026-09-12 20:00:00+00:00,Idaho,Lamar,DraftKings,-3.5,Idaho,Idaho -3.5,-1.5,51.5,49.5,-175.0,139.0
2026-09-14T10:42:31.312346+00:00,historical_market_backfill,-38.7087,2026,2,regular,401868093,2026-09-12 20:00:00+00:00,Idaho,Lamar,Draft Kings,-4.5,Idaho,Idaho -4.5,,51.5,,,
2026-09-14T10:42:31.312346+00:00,historical_market_backfill,-38.7087,2026,2,regular,401868285,2026-09-12 20:00:00+00:00,Bethune-Cookman,Stetson,DraftKings,-14.5,Bethune-Cookman,Bethune-Cookman -14.5,-14.5,56.5,56.5,-880.0,545.0
2026-09-14T10:42:31.312346+00:00,historical_market_backfill,-38.7087,2026,2,regular,401868285,2026-09-12 20:00:00+00:00,Bethune-Cookman,Stetson,Draft Kings,-14.5,Bethune-Cookman,Bethune-Cookman -14.5,,56.5,,,
2026-09-14T10:42:31.312346+00:00,historical_market_backfill,-38.7087,2026,2,regular,401868326,2026-09-12 20:00:00+00:00,Troy,Alabama State,DraftKings,-23.5,Troy,Troy -23.5,,52.5,51.5,-2100.0,1100.0
2026-09-14T10:42:31.312346+00:00,historical_market_backfill,-38.7087,2026,2,regular,401868326,2026-09-12 20:00:00+00:00,Troy,Alabama State,Bovada,-24.0,Troy,Troy -24.0,-22.5,52.5,51.5,-2000.0,950.0
2026-09-14T10:42:31.312346+00:00,historical_market_backfill,-38.7087,2026,2,regular,401868326,2026-09-12 20:00:00+00:00,Troy,Alabama State,Draft Kings,-23.5,Troy,Troy -23.5,,52.5,,,
2026-09-05T09:21:07.215390+00:00,pregame,178.898,2026,2,regular,401856684,2026-09-12 20:15:00+00:00,Vanderbilt,Delaware,DraftKings,-21.5,Vanderbilt,Vanderbilt -21.5,-21.5,55.5,55.5,-1800.0,1000.0
2026-09-14T10:42:31.312346+00:00,historical_market_backfill,-38.4587,2026,2,regular,401856684,2026-09-12 20:15:00+00:00,Vanderbilt,Delaware,DraftKings,-20.5,Vanderbilt,Vanderbilt -20.5,-21.5,54.5,55.5,-1350.0,800.0
2026-09-14T10:42:31.312346+00:00,historical_market_backfill,-38.4587,2026,2,regular,401856684,2026-09-12 20:15:00+00:00,Vanderbilt,Delaware,Bovada,-21.0,Vanderbilt,Vanderbilt -21.0,-21.0,54.5,53.5,-1800.0,850.0
2026-09-14T10:42:31.312346+00:00,historical_market_backfill,-38.4587,2026,2,regular,401856684,2026-09-12 20:15:00+00:00,Vanderbilt,Delaware,Draft Kings,-20.5,Vanderbilt,Vanderbilt -20.5,,54.5,,,
2026-09-14T10:42:31.312346+00:00,historical_market_backfill,-37.7087,2026,2,regular,401866630,2026-09-12 21:00:00+00:00,Maine,Merrimack,DraftKings,-10.0,Maine,Maine -10,-10.0,47.5,47.5,-431.0,314.0
2026-09-14T10:42:31.312346+00:00,historical_market_backfill,-37.7087,2026,2,regular,401866630,2026-09-12 21:00:00+00:00,Maine,Merrimack,Draft Kings,-10.0,Maine,Maine -10,,47.5,,,
2026-09-14T10:42:31.312346+00:00,historical_market_backfill,-37.7087,2026,2,regular,401868061,2026-09-12 21:00:00+00:00,Austin Peay,Morehead State,DraftKings,-36.5,Austin Peay,Austin Peay -36.5,-34.5,62.5,62.5,,
2026-09-14T10:42:31.312346+00:00,historical_market_backfill,-37.7087,2026,2,regular,401868061,2026-09-12 21:00:00+00:00,Austin Peay,Morehead State,Draft Kings,-36.5,Austin Peay,Austin Peay -36.5,,62.5,,,
2026-09-14T10:42:31.312346+00:00,historical_market_backfill,-37.7087,2026,2,regular,401868123,2026-09-12 21:00:00+00:00,Northern Arizona,Incarnate Word,DraftKings,-4.5,Northern Arizona,Northern Arizona -4.5,-4.5,54.5,54.5,-186.0,148.0
2026-09-14T10:42:31.312346+00:00,historical_market_backfill,-37.7087,2026,2,regular,401868123,2026-09-12 21:00:00+00:00,Northern Arizona,Incarnate Word,Draft Kings,-4.5,Northern Arizona,Northern Arizona -4.5,,54.5,,,
2026-09-14T10:42:31.312346+00:00,historical_market_backfill,-37.2087,2026,2,regular,401856672,2026-09-12 21:30:00+00:00,Florida,Campbell,DraftKings,-51.5,Florida,Florida -51.5,-49.5,66.5,65.5,,
2026-09-14T10:42:31.312346+00:00,historical_market_backfill,-37.2087,2026,2,regular,401856672,2026-09-12 21:30:00+00:00,Florida,Campbell,Bovada,-51.5,Florida,Florida -51.5,-50.5,67.0,66.0,,
2026-09-14T10:42:31.312346+00:00,historical_market_backfill,-37.2087,2026,2,regular,401856672,2026-09-12 21:30:00+00:00,Florida,Campbell,Draft Kings,-51.5,Florida,Florida -51.5,,66.5,,,
2026-09-05T09:21:07.215390+00:00,pregame,180.648,2026,2,regular,401860881,2026-09-12 22:00:00+00:00,Boise State,Memphis,DraftKings,-6.5,Boise State,Boise State -6.5,-6.5,52.5,,-270.0,220.0
2026-09-06T10:23:56.277410+00:00,pregame,155.601,2026,2,regular,401860881,2026-09-12 22:00:00+00:00,Boise State,Memphis,DraftKings,-7.5,Boise State,Boise State -7.5,-6.5,52.5,,-325.0,260.0
2026-09-14T10:42:31.312346+00:00,historical_market_backfill,-36.7087,2026,2,regular,401860881,2026-09-12 22:00:00+00:00,Boise State,Memphis,DraftKings,-9.5,Boise State,Boise State -9.5,-6.5,54.5,,-360.0,285.0
2026-09-14T10:42:31.312346+00:00,historical_market_backfill,-36.7087,2026,2,regular,401860881,2026-09-12 22:00:00+00:00,Boise State,Memphis,Bovada,-9.0,Boise State,Boise State -9.0,-7.5,54.5,55.5,-330.0,265.0
2026-09-14T10:42:31.312346+00:00,historical_market_backfill,-36.7087,2026,2,regular,401860881,2026-09-12 22:00:00+00:00,Boise State,Memphis,Draft Kings,-9.5,Boise State,Boise State -9.5,,54.5,,,
2026-09-14T10:42:31.312346+00:00,historical_market_backfill,-36.7087,2026,2,regular,401866414,2026-09-12 22:00:00+00:00,Florida International,Buffalo,DraftKings,-8.5,Florida International,Florida International -8.5,-10.5,47.5,51.5,-345.0,275.0
2026-09-14T10:42:31.312346+00:00,historical_market_backfill,-36.7087,2026,2,regular,401866414,2026-09-12 22:00:00+00:00,Florida International,Buffalo,Bovada,-9.0,Florida International,Florida International -9.0,-10.0,47.5,48.5,-415.0,310.0
2026-09-14T10:42:31.312346+00:00,historical_market_backfill,-36.7087,2026,2,regular,401866414,2026-09-12 22:00:00+00:00,Florida International,Buffalo,Draft Kings,-8.5,Florida International,Florida International -8.5,,47.5,,,
2026-09-05T09:21:07.215390+00:00,pregame,180.648,2026,2,regular,401866418,2026-09-12 22:00:00+00:00,Ohio,Jacksonville State,DraftKings,-2.5,Ohio,Ohio -2.5,-2.5,48.5,48.5,-125.0,105.0
2026-09-14T10:42:31.312346+00:00,historical_market_backfill,-36.7087,2026,2,regular,401866418,2026-09-12 22:00:00+00:00,Ohio,Jacksonville State,DraftKings,-1.5,Ohio,Ohio -1.5,-2.5,49.5,48.5,-125.0,105.0
2026-09-14T10:42:31.312346+00:00,historical_market_backfill,-36.7087,2026,2,regular,401866418,2026-09-12 22:00:00+00:00,Ohio,Jacksonville State,Bovada,-2.0,Ohio,Ohio -2.0,-2.0,50.0,51.5,-125.0,105.0
2026-09-14T10:42:31.312346+00:00,historical_market_backfill,-36.7087,2026,2,regular,401866418,2026-09-12 22:00:00+00:00,Ohio,Jacksonville State,Draft Kings,-1.5,Ohio,Ohio -1.5,,48.5,,,
2026-09-14T10:42:31.312346+00:00,historical_market_backfill,-36.7087,2026,2,regular,401866629,2026-09-12 22:00:00+00:00,Hampton,Bryant,DraftKings,3.5,Bryant,Bryant -3.5,3.5,51.5,48.5,133.0,-166.0
2026-09-14T10:42:31.312346+00:00,historical_market_backfill,-36.7087,2026,2,regular,401866629,2026-09-12 22:00:00+00:00,Hampton,Bryant,Draft Kings,3.5,Bryant,Bryant -3.5,,51.5,,,
2026-09-14T10:42:31.312346+00:00,historical_market_backfill,-36.7087,2026,2,regular,401866631,2026-09-12 22:00:00+00:00,New Hampshire,Stonehill,DraftKings,-13.5,New Hampshire,New Hampshire -13.5,-13.5,43.5,43.5,-479.0,343.0
2026-09-14T10:42:31.312346+00:00,historical_market_backfill,-36.7087,2026,2,regular,401866631,2026-09-12 22:00:00+00:00,New Hampshire,Stonehill,Draft Kings,-13.5,New Hampshire,New Hampshire -13.5,,43.5,,,
2026-09-14T10:42:31.312346+00:00,historical_market_backfill,-36.7087,2026,2,regular,401868102,2026-09-12 22:00:00+00:00,Idaho State,San Diego,DraftKings,-22.5,Idaho State,Idaho State -22.5,-25.5,58.5,58.5,-1860.0,860.0
2026-09-14T10:42:31.312346+00:00,historical_market_backfill,-36.7087,2026,2,regular,401868102,2026-09-12 22:00:00+00:00,Idaho State,San Diego,Draft Kings,-22.5,Idaho State,Idaho State -22.5,,58.5,,,
2026-09-14T10:42:31.312346+00:00,historical_market_backfill,-36.7087,2026,2,regular,401868141,2026-09-12 22:00:00+00:00,Eastern Kentucky,Chattanooga,DraftKings,3.0,Chattanooga,Chattanooga -3,3.0,48.5,48.5,135.0,-169.0
2026-09-14T10:42:31.312346+00:00,historical_market_backfill,-36.7087,2026,2,regular,401868141,2026-09-12 22:00:00+00:00,Eastern Kentucky,Chattanooga,Draft Kings,3.0,Chattanooga,Chattanooga -3,,48.5,,,
2026-09-14T10:42:31.312346+00:00,historical_market_backfill,-36.7087,2026,2,regular,401868171,2026-09-12 22:00:00+00:00,The Citadel,Charleston Southern,DraftKings,-3.0,The Citadel,The Citadel -3,1.5,45.5,45.5,-156.0,125.0
2026-09-14T10:42:31.312346+00:00,historical_market_backfill,-36.7087,2026,2,regular,401868171,2026-09-12 22:00:00+00:00,The Citadel,Charleston Southern,Draft Kings,-3.0,The Citadel,The Citadel -3,,45.5,,,
2026-09-14T10:42:31.312346+00:00,historical_market_backfill,-36.7087,2026,2,regular,401868374,2026-09-12 22:00:00+00:00,Mercer,Furman,DraftKings,-15.5,Mercer,Mercer -15.5,-15.5,54.5,54.5,-590.0,406.0
2026-09-14T10:42:31.312346+00:00,historical_market_backfill,-36.7087,2026,2,regular,401868374,2026-09-12 22:00:00+00:00,Mercer,Furman,Draft Kings,-15.5,Mercer,Mercer -15.5,,54.5,,,
2026-09-14T10:42:31.312346+00:00,historical_market_backfill,-36.2087,2026,2,regular,401866421,2026-09-12 22:30:00+00:00,Western Michigan,Monmouth,Bovada,-28.5,Western Michigan,Western Michigan -28.5,-27.5,54.5,52.5,,
2026-09-14T10:42:31.312346+00:00,historical_market_backfill,-36.2087,2026,2,regular,401866421,2026-09-12 22:30:00+00:00,Western Michigan,Monmouth,DraftKings,-29.5,Western Michigan,Western Michigan -29.5,-25.5,54.5,52.5,-5000.0,1800.0
2026-09-14T10:42:31.312346+00:00,historical_market_backfill,-36.2087,2026,2,regular,401866421,2026-09-12 22:30:00+00:00,Western Michigan,Monmouth,Draft Kings,-29.5,Western Michigan,Western Michigan -29.5,,54.5,,,
2026-09-14T10:42:31.312346+00:00,historical_market_backfill,-35.7087,2026,2,regular,401856680,2026-09-12 23:00:00+00:00,South Carolina,Towson,Bovada,-44.5,South Carolina,South Carolina -44.5,-43.5,57.5,56.0,,
2026-09-14T10:42:31.312346+00:00,historical_market_backfill,-35.7087,2026,2,regular,401856680,2026-09-12 23:00:00+00:00,South Carolina,Towson,DraftKings,-44.5,South Carolina,South Carolina -44.5,-43.5,57.5,54.5,,
2026-09-14T10:42:31.312346+00:00,historical_market_backfill,-35.7087,2026,2,regular,401856680,2026-09-12 23:00:00+00:00,South Carolina,Towson,Draft Kings,-44.5,South Carolina,South Carolina -44.5,,57.5,,,
2026-09-05T09:21:07.215390+00:00,pregame,181.648,2026,2,regular,401856681,2026-09-12 23:00:00+00:00,Georgia Tech,Tennessee,DraftKings,10.5,Tennessee,Tennessee -10.5,8.5,56.5,,350.0,-455.0
2026-09-06T10:23:56.277410+00:00,pregame,156.601,2026,2,regular,401856681,2026-09-12 23:00:00+00:00,Georgia Tech,Tennessee,DraftKings,13.5,Tennessee,Tennessee -13.5,8.5,55.5,,425.0,-575.0
2026-09-14T10:42:31.312346+00:00,historical_market_backfill,-35.7087,2026,2,regular,401856681,2026-09-12 23:00:00+00:00,Georgia Tech,Tennessee,DraftKings,12.5,Tennessee,Tennessee -12.5,8.5,55.5,,370.0,-485.0
2026-09-14T10:42:31.312346+00:00,historical_market_backfill,-35.7087,2026,2,regular,401856681,2026-09-12 23:00:00+00:00,Georgia Tech,Tennessee,Bovada,12.5,Tennessee,Tennessee -12.5,13.5,55.5,55.0,390.0,-550.0
2026-09-14T10:42:31.312346+00:00,historical_market_backfill,-35.7087,2026,2,regular,401856681,2026-09-12 23:00:00+00:00,Georgia Tech,Tennessee,Draft Kings,12.5,Tennessee,Tennessee -12.5,,55.5,,,
2026-09-14T10:42:31.312346+00:00,historical_market_backfill,-35.7087,2026,2,regular,401856786,2026-09-12 23:00:00+00:00,Cincinnati,Western Carolina,DraftKings,-36.5,Cincinnati,Cincinnati -36.5,-36.5,61.5,60.5,,
2026-09-14T10:42:31.312346+00:00,historical_market_backfill,-35.7087,2026,2,regular,401856786,2026-09-12 23:00:00+00:00,Cincinnati,Western Carolina,Bovada,-36.5,Cincinnati,Cincinnati -36.5,-36.5,61.5,60.5,,
2026-09-14T10:42:31.312346+00:00,historical_market_backfill,-35.7087,2026,2,regular,401856786,2026-09-12 23:00:00+00:00,Cincinnati,Western Carolina,Draft Kings,-36.5,Cincinnati,Cincinnati -36.5,,61.5,,,
2026-09-14T10:42:31.312346+00:00,historical_market_backfill,-35.7087,2026,2,regular,401856787,2026-09-12 23:00:00+00:00,Houston,Southern,DraftKings,-51.5,Houston,Houston -51.5,-51.5,61.5,60.5,,
2026-09-14T10:42:31.312346+00:00,historical_market_backfill,-35.7087,2026,2,regular,401856787,2026-09-12 23:00:00+00:00,Houston,Southern,Bovada,-52.0,Houston,Houston -52.0,-51.5,62.0,60.5,,
2026-09-14T10:42:31.312346+00:00,historical_market_backfill,-35.7087,2026,2,regular,401856787,2026-09-12 23:00:00+00:00,Houston,Southern,Draft Kings,-51.5,Houston,Houston -51.5,,61.5,,,
2026-09-05T09:21:07.215390+00:00,pregame,181.648,2026,2,regular,401858441,2026-09-12 23:00:00+00:00,Nebraska,Bowling Green,DraftKings,-25.5,Nebraska,Nebraska -25.5,-25.5,48.5,48.5,-4500.0,1700.0
2026-09-14T10:42:31.312346+00:00,historical_market_backfill,-35.7087,2026,2,regular,401858441,2026-09-12 23:00:00+00:00,Nebraska,Bowling Green,DraftKings,-30.5,Nebraska,Nebraska -30.5,-25.5,48.5,48.5,-9000.0,2500.0
2026-09-14T10:42:31.312346+00:00,historical_market_backfill,-35.7087,2026,2,regular,401858441,2026-09-12 23:00:00+00:00,Nebraska,Bowling Green,Bovada,-30.5,Nebraska,Nebraska -30.5,-29.0,49.0,52.0,-10000.0,1600.0
2026-09-14T10:42:31.312346+00:00,historical_market_backfill,-35.7087,2026,2,regular,401858441,2026-09-12 23:00:00+00:00,Nebraska,Bowling Green,Draft Kings,-30.5,Nebraska,Nebraska -30.5,,48.5,,,
2026-09-14T10:42:31.312346+00:00,historical_market_backfill,-35.7087,2026,2,regular,401860882,2026-09-12 23:00:00+00:00,Colorado State,Southern Utah,DraftKings,-19.5,Colorado State,Colorado State -19.5,-20.5,57.5,56.5,-1350.0,800.0
2026-09-14T10:42:31.312346+00:00,historical_market_backfill,-35.7087,2026,2,regular,401860882,2026-09-12 23:00:00+00:00,Colorado State,Southern Utah,Bovada,-20.0,Colorado State,Colorado State -20.0,-20.0,57.0,56.5,-1400.0,750.0
2026-09-14T10:42:31.312346+00:00,historical_market_backfill,-35.7087,2026,2,regular,401860882,2026-09-12 23:00:00+00:00,Colorado State,Southern Utah,Draft Kings,-19.5,Colorado State,Colorado State -19.5,,57.5,,,
2026-09-05T09:21:07.215390+00:00,pregame,181.648,2026,2,regular,401862707,2026-09-12 23:00:00+00:00,Sam Houston,Tulsa,DraftKings,10.5,Tulsa,Tulsa -10.5,10.5,53.5,53.5,330.0,-425.0
2026-09-14T10:42:31.312346+00:00,historical_market_backfill,-35.7087,2026,2,regular,401862707,2026-09-12 23:00:00+00:00,Sam Houston,Tulsa,DraftKings,12.5,Tulsa,Tulsa -12.5,10.5,51.5,53.5,380.0,-500.0
2026-09-14T10:42:31.312346+00:00,historical_market_backfill,-35.7087,2026,2,regular,401862707,2026-09-12 23:00:00+00:00,Sam Houston,Tulsa,Bovada,11.5,Tulsa,Tulsa -11.5,13.5,52.0,52.0,425.0,-600.0
2026-09-14T10:42:31.312346+00:00,historical_market_backfill,-35.7087,2026,2,regular,401862707,2026-09-12 23:00:00+00:00,Sam Houston,Tulsa,Draft Kings,12.5,Tulsa,Tulsa -12.5,,51.5,,,
2026-09-14T10:42:31.312346+00:00,historical_market_backfill,-35.7087,2026,2,regular,401864503,2026-09-12 23:00:00+00:00,Northern Illinois,Illinois State,Bovada,2.5,Illinois State,Illinois State -2.5,5.0,48.0,48.0,175.0,-210.0
2026-09-14T10:42:31.312346+00:00,historical_market_backfill,-35.7087,2026,2,regular,401864503,2026-09-12 23:00:00+00:00,Northern Illinois,Illinois State,DraftKings,2.5,Illinois State,Illinois State -2.5,4.5,47.5,48.5,124.0,-148.0
2026-09-14T10:42:31.312346+00:00,historical_market_backfill,-35.7087,2026,2,regular,401864503,2026-09-12 23:00:00+00:00,Northern Illinois,Illinois State,Draft Kings,2.5,Illinois State,Illinois State -2.5,,47.5,,,
2026-09-05T09:21:07.215390+00:00,pregame,181.648,2026,2,regular,401864575,2026-09-12 23:00:00+00:00,Tulane,South Alabama,DraftKings,-10.0,Tulane,Tulane -10,-10.0,55.5,55.5,-380.0,300.0
2026-09-14T10:42:31.312346+00:00,historical_market_backfill,-35.7087,2026,2,regular,401864575,2026-09-12 23:00:00+00:00,Tulane,South Alabama,DraftKings,-9.5,Tulane,Tulane -9.5,-10.0,48.5,55.5,-360.0,285.0
2026-09-14T10:42:31.312346+00:00,historical_market_backfill,-35.7087,2026,2,regular,401864575,2026-09-12 23:00:00+00:00,Tulane,South Alabama,Bovada,-9.5,Tulane,Tulane -9.5,-10.0,47.5,50.5,-420.0,315.0
2026-09-14T10:42:31.312346+00:00,historical_market_backfill,-35.7087,2026,2,regular,401864575,2026-09-12 23:00:00+00:00,Tulane,South Alabama,Draft Kings,-9.5,Tulane,Tulane -9.5,,48.5,,,
2026-09-14T10:42:31.312346+00:00,historical_market_backfill,-35.7087,2026,2,regular,401867856,2026-09-12 23:00:00+00:00,Eastern Illinois,Indiana State,DraftKings,3.0,Indiana State,Indiana State -3,1.5,49.5,49.5,124.0,-154.0
2026-09-14T10:42:31.312346+00:00,historical_market_backfill,-35.7087,2026,2,regular,401867856,2026-09-12 23:00:00+00:00,Eastern Illinois,Indiana State,Draft Kings,3.0,Indiana State,Indiana State -3,,49.5,,,
2026-09-14T10:42:31.312346+00:00,historical_market_backfill,-35.7087,2026,2,regular,401867867,2026-09-12 23:00:00+00:00,Murray State,Valparaiso,DraftKings,-14.5,Murray State,Murray State -14.5,-10.5,47.5,51.5,-810.0,515.0
2026-09-14T10:42:31.312346+00:00,historical_market_backfill,-35.7087,2026,2,regular,401867867,2026-09-12 23:00:00+00:00,Murray State,Valparaiso,Draft Kings,-14.0,Murray State,Murray State -14,,47.5,,,
2026-09-14T10:42:31.312346+00:00,historical_market_backfill,-35.7087,2026,2,regular,401867890,2026-09-12 23:00:00+00:00,Southern Illinois,Southeast Missouri State,DraftKings,-7.5,Southern Illinois,Southern Illinois -7.5,-7.5,53.5,53.5,-355.0,266.0
2026-09-14T10:42:31.312346+00:00,historical_market_backfill,-35.7087,2026,2,regular,401867890,2026-09-12 23:00:00+00:00,Southern Illinois,Southeast Missouri State,Draft Kings,-7.5,Southern Illinois,Southern Illinois -7.5,,53.5,,,
2026-09-14T10:42:31.312346+00:00,historical_market_backfill,-35.7087,2026,2,regular,401868150,2026-09-12 23:00:00+00:00,SE Louisiana,North Alabama,DraftKings,-6.5,SE Louisiana,SE Louisiana -6.5,-6.5,51.5,49.5,-204.0,162.0
2026-09-14T10:42:31.312346+00:00,historical_market_backfill,-35.7087,2026,2,regular,401868150,2026-09-12 23:00:00+00:00,SE Louisiana,North Alabama,Draft Kings,-6.5,SE Louisiana,SE Louisiana -6.5,,51.5,,,
2026-09-14T10:42:31.312346+00:00,historical_market_backfill,-35.7087,2026,2,regular,401868195,2026-09-12 23:00:00+00:00,Alabama A&M,Tennessee State,DraftKings,3.5,Tennessee State,Tennessee State -3.5,1.5,49.5,49.5,118.0,-147.0
2026-09-14T10:42:31.312346+00:00,historical_market_backfill,-35.7087,2026,2,regular,401868195,2026-09-12 23:00:00+00:00,Alabama A&M,Tennessee State,Draft Kings,3.5,Tennessee State,Tennessee State -3.5,,49.5,,,
2026-09-14T10:42:31.312346+00:00,historical_market_backfill,-35.7087,2026,2,regular,401868236,2026-09-12 23:00:00+00:00,McNeese,Tarleton State,DraftKings,19.5,Tarleton State,Tarleton State -19.5,20.5,56.5,56.5,690.0,-1260.0
2026-09-14T10:42:31.312346+00:00,historical_market_backfill,-35.7087,2026,2,regular,401868236,2026-09-12 23:00:00+00:00,McNeese,Tarleton State,Draft Kings,19.5,Tarleton State,Tarleton State -19.5,,56.5,,,
2026-09-14T10:42:31.312346+00:00,historical_market_backfill,-35.7087,2026,2,regular,401868241,2026-09-12 23:00:00+00:00,Arkansas State,West Georgia,DraftKings,-31.5,Arkansas State,Arkansas State -31.5,-31.5,56.5,56.5,-10000.0,3000.0
2026-09-14T10:42:31.312346+00:00,historical_market_backfill,-35.7087,2026,2,regular,401868241,2026-09-12 23:00:00+00:00,Arkansas State,West Georgia,Bovada,-31.5,Arkansas State,Arkansas State -31.5,-31.5,56.5,56.5,,
2026-09-14T10:42:31.312346+00:00,historical_market_backfill,-35.7087,2026,2,regular,401868241,2026-09-12 23:00:00+00:00,Arkansas State,West Georgia,Draft Kings,-31.5,Arkansas State,Arkansas State -31.5,,56.5,,,
2026-09-14T10:42:31.312346+00:00,historical_market_backfill,-35.7087,2026,2,regular,401868246,2026-09-12 23:00:00+00:00,Nicholls,UT Rio Grande Valley,DraftKings,5.5,UT Rio Grande Valley,UT Rio Grande Valley -5.5,5.5,50.5,50.5,184.0,-235.0
2026-09-14T10:42:31.312346+00:00,historical_market_backfill,-35.7087,2026,2,regular,401868246,2026-09-12 23:00:00+00:00,Nicholls,UT Rio Grande Valley,Draft Kings,5.5,UT Rio Grande Valley,UT Rio Grande Valley -5.5,,50.5,,,
2026-09-14T10:42:31.312346+00:00,historical_market_backfill,-35.7087,2026,2,regular,401868355,2026-09-12 23:00:00+00:00,Alcorn State,Arkansas-Pine Bluff,DraftKings,-8.5,Alcorn State,Alcorn State -8.5,-8.5,49.5,49.5,-346.0,261.0
2026-09-14T10:42:31.312346+00:00,historical_market_backfill,-35.7087,2026,2,regular,401868355,2026-09-12 23:00:00+00:00,Alcorn State,Arkansas-Pine Bluff,Draft Kings,-8.5,Alcorn State,Alcorn State -8.5,,49.5,,,
2026-09-14T10:42:31.312346+00:00,historical_market_backfill,-35.7087,2026,2,regular,401868386,2026-09-12 23:00:00+00:00,Tennessee Tech,Samford,DraftKings,-26.5,Tennessee Tech,Tennessee Tech -26.5,-26.5,48.5,48.5,-5900.0,1340.0
2026-09-14T10:42:31.312346+00:00,historical_market_backfill,-35.7087,2026,2,regular,401868386,2026-09-12 23:00:00+00:00,Tennessee Tech,Samford,Draft Kings,-26.5,Tennessee Tech,Tennessee Tech -26.5,,48.5,,,
2026-09-14T10:42:31.312346+00:00,historical_market_backfill,-35.7087,2026,2,regular,401869130,2026-09-12 23:00:00+00:00,East Texas A&M,Northwestern State,DraftKings,-20.5,East Texas A&M,East Texas A&M -20.5,-20.5,53.5,51.5,-1320.0,710.0
2026-09-14T10:42:31.312346+00:00,historical_market_backfill,-35.7087,2026,2,regular,401869130,2026-09-12 23:00:00+00:00,East Texas A&M,Northwestern State,Draft Kings,-20.5,East Texas A&M,East Texas A&M -20.5,,53.5,,,
2026-09-14T10:42:31.312346+00:00,historical_market_backfill,-35.7087,2026,2,regular,401869955,2026-09-12 23:00:00+00:00,Kennesaw State,Georgia State,DraftKings,-7.0,Kennesaw State,Kennesaw State -7,-9.5,55.5,50.5,-298.0,240.0
2026-09-14T10:42:31.312346+00:00,historical_market_backfill,-35.7087,2026,2,regular,401869955,2026-09-12 23:00:00+00:00,Kennesaw State,Georgia State,Bovada,-7.5,Kennesaw State,Kennesaw State -7.5,-9.0,55.5,51.0,-360.0,280.0
2026-09-14T10:42:31.312346+00:00,historical_market_backfill,-35.7087,2026,2,regular,401869955,2026-09-12 23:00:00+00:00,Kennesaw State,Georgia State,Draft Kings,-7.5,Kennesaw State,Kennesaw State -7.5,,55.5,,,
2026-09-05T09:21:07.215390+00:00,pregame,181.648,2026,2,regular,401871045,2026-09-12 23:00:00+00:00,Marshall,Middle Tennessee,DraftKings,-17.5,Marshall,Marshall -17.5,-17.5,57.5,57.5,-1000.0,650.0
2026-09-14T10:42:31.312346+00:00,historical_market_backfill,-35.7087,2026,2,regular,401871045,2026-09-12 23:00:00+00:00,Marshall,Middle Tennessee,DraftKings,-12.5,Marshall,Marshall -12.5,-17.5,55.5,57.5,-535.0,400.0
2026-09-14T10:42:31.312346+00:00,historical_market_backfill,-35.7087,2026,2,regular,401871045,2026-09-12 23:00:00+00:00,Marshall,Middle Tennessee,Bovada,-13.0,Marshall,Marshall -13.0,-14.0,55.5,57.5,-750.0,500.0
2026-09-14T10:42:31.312346+00:00,historical_market_backfill,-35.7087,2026,2,regular,401871045,2026-09-12 23:00:00+00:00,Marshall,Middle Tennessee,Draft Kings,-11.5,Marshall,Marshall -11.5,,56.5,,,
2026-09-14T10:42:31.312346+00:00,historical_market_backfill,-35.7087,2026,2,regular,401871046,2026-09-12 23:00:00+00:00,Missouri State,Lindenwood,DraftKings,-16.5,Missouri State,Missouri State -16.5,-19.5,53.5,52.5,-850.0,575.0
2026-09-14T10:42:31.312346+00:00,historical_market_backfill,-35.7087,2026,2,regular,401871046,2026-09-12 23:00:00+00:00,Missouri State,Lindenwood,Bovada,-17.0,Missouri State,Missouri State -17.0,-17.0,53.0,52.5,-850.0,550.0
2026-09-14T10:42:31.312346+00:00,historical_market_backfill,-35.7087,2026,2,regular,401871046,2026-09-12 23:00:00+00:00,Missouri State,Lindenwood,Draft Kings,-16.5,Missouri State,Missouri State -16.5,,53.5,,,
2026-09-14T10:42:31.312346+00:00,historical_market_backfill,-35.7087,2026,2,regular,401872616,2026-09-12 23:00:00+00:00,South Dakota State,New Haven,DraftKings,-42.5,South Dakota State,South Dakota State -42.5,-44.5,54.5,55.5,,
2026-09-14T10:42:31.312346+00:00,historical_market_backfill,-35.7087,2026,2,regular,401872616,2026-09-12 23:00:00+00:00,South Dakota State,New Haven,Draft Kings,-42.5,South Dakota State,South Dakota State -42.5,,54.5,,,
2026-09-05T09:21:07.215390+00:00,pregame,181.898,2026,2,regular,401858443,2026-09-12 23:15:00+00:00,UCLA,San Diego State,DraftKings,-10.0,UCLA,UCLA -10,-8.5,48.5,,-360.0,285.0
2026-09-14T10:42:31.312346+00:00,historical_market_backfill,-35.4587,2026,2,regular,401858443,2026-09-12 23:15:00+00:00,UCLA,San Diego State,DraftKings,-13.5,UCLA,UCLA -13.5,-8.5,53.5,,-535.0,400.0
2026-09-14T10:42:31.312346+00:00,historical_market_backfill,-35.4587,2026,2,regular,401858443,2026-09-12 23:15:00+00:00,UCLA,San Diego State,Bovada,-13.5,UCLA,UCLA -13.5,-11.5,53.5,53.0,-490.0,355.0
2026-09-14T10:42:31.312346+00:00,historical_market_backfill,-35.4587,2026,2,regular,401858443,2026-09-12 23:15:00+00:00,UCLA,San Diego State,Draft Kings,-13.5,UCLA,UCLA -13.5,,53.5,,,
2026-09-14T10:42:31.312346+00:00,historical_market_backfill,-35.4587,2026,2,regular,401858447,2026-09-12 23:15:00+00:00,Wisconsin,Western Illinois,Bovada,-43.0,Wisconsin,Wisconsin -43.0,-40.0,53.0,49.5,,
2026-09-14T10:42:31.312346+00:00,historical_market_backfill,-35.4587,2026,2,regular,401858447,2026-09-12 23:15:00+00:00,Wisconsin,Western Illinois,DraftKings,-43.5,Wisconsin,Wisconsin -43.5,-38.5,52.5,48.5,,
2026-09-14T10:42:31.312346+00:00,historical_market_backfill,-35.4587,2026,2,regular,401858447,2026-09-12 23:15:00+00:00,Wisconsin,Western Illinois,Draft Kings,-43.5,Wisconsin,Wisconsin -43.5,,53.5,,,
2026-09-05T09:21:07.215390+00:00,pregame,182.148,2026,2,regular,401856682,2026-09-12 23:30:00+00:00,Texas,Ohio State,DraftKings,-1.5,Texas,Texas -1.5,-1.5,47.5,,-118.0,-102.0
2026-09-05T09:21:07.215390+00:00,pregame,182.148,2026,2,regular,401856682,2026-09-12 23:30:00+00:00,Texas,Ohio State,Bovada,-1.5,Texas,Texas -1.5,-2.5,47.5,47.5,-120.0,100.0
2026-09-06T10:23:56.277410+00:00,pregame,157.101,2026,2,regular,401856682,2026-09-12 23:30:00+00:00,Texas,Ohio State,DraftKings,-1.5,Texas,Texas -1.5,-1.5,47.5,,-115.0,-105.0
2026-09-14T10:42:31.312346+00:00,historical_market_backfill,-35.2087,2026,2,regular,401856682,2026-09-12 23:30:00+00:00,Texas,Ohio State,DraftKings,-2.5,Texas,Texas -2.5,-1.5,50.5,,-142.0,120.0
2026-09-14T10:42:31.312346+00:00,historical_market_backfill,-35.2087,2026,2,regular,401856682,2026-09-12 23:30:00+00:00,Texas,Ohio State,Bovada,-2.0,Texas,Texas -2.0,-2.5,51.0,47.5,-110.0,-110.0
2026-09-14T10:42:31.312346+00:00,historical_market_backfill,-35.2087,2026,2,regular,401856682,2026-09-12 23:30:00+00:00,Texas,Ohio State,Draft Kings,-2.5,Texas,Texas -2.5,,50.5,,,
2026-09-05T09:21:07.215390+00:00,pregame,182.148,2026,2,regular,401856783,2026-09-12 23:30:00+00:00,Oregon State,Texas Tech,DraftKings,27.5,Texas Tech,Texas Tech -27.5,27.5,49.5,49.5,1800.0,-5000.0
2026-09-14T10:42:31.312346+00:00,historical_market_backfill,-35.2087,2026,2,regular,401856783,2026-09-12 23:30:00+00:00,Oregon State,Texas Tech,DraftKings,25.5,Texas Tech,Texas Tech -25.5,27.5,52.5,49.5,1400.0,-3200.0
2026-09-14T10:42:31.312346+00:00,historical_market_backfill,-35.2087,2026,2,regular,401856783,2026-09-12 23:30:00+00:00,Oregon State,Texas Tech,Bovada,25.5,Texas Tech,Texas Tech -25.5,26.5,52.5,51.5,1300.0,-5000.0
2026-09-14T10:42:31.312346+00:00,historical_market_backfill,-35.2087,2026,2,regular,401856783,2026-09-12 23:30:00+00:00,Oregon State,Texas Tech,Draft Kings,25.5,Texas Tech,Texas Tech -25.5,,52.5,,,
2026-09-05T09:21:07.215390+00:00,pregame,182.148,2026,2,regular,401856788,2026-09-12 23:30:00+00:00,Iowa,Iowa State,DraftKings,-12.5,Iowa,Iowa -12.5,-11.5,41.5,41.5,-625.0,455.0
2026-09-06T10:23:56.277410+00:00,pregame,157.101,2026,2,regular,401856788,2026-09-12 23:30:00+00:00,Iowa,Iowa State,DraftKings,-14.5,Iowa,Iowa -14.5,-11.5,41.5,41.5,-700.0,500.0
2026-09-14T10:42:31.312346+00:00,historical_market_backfill,-35.2087,2026,2,regular,401856788,2026-09-12 23:30:00+00:00,Iowa,Iowa State,DraftKings,-14.0,Iowa,Iowa -14,-11.5,42.5,41.5,-625.0,455.0
2026-09-14T10:42:31.312346+00:00,historical_market_backfill,-35.2087,2026,2,regular,401856788,2026-09-12 23:30:00+00:00,Iowa,Iowa State,Bovada,-14.0,Iowa,Iowa -14.0,-14.0,42.5,41.0,-650.0,450.0
2026-09-14T10:42:31.312346+00:00,historical_market_backfill,-35.2087,2026,2,regular,401856788,2026-09-12 23:30:00+00:00,Iowa,Iowa State,Draft Kings,-14.0,Iowa,Iowa -14,,42.5,,,
2026-09-05T09:21:07.215390+00:00,pregame,182.148,2026,2,regular,401858219,2026-09-12 23:30:00+00:00,Clemson,Georgia Southern,DraftKings,-26.5,Clemson,Clemson -26.5,-26.5,57.5,57.5,-4500.0,1700.0
2026-09-14T10:42:31.312346+00:00,historical_market_backfill,-35.2087,2026,2,regular,401858219,2026-09-12 23:30:00+00:00,Clemson,Georgia Southern,DraftKings,-19.5,Clemson,Clemson -19.5,-26.5,54.5,57.5,-1350.0,800.0
2026-09-14T10:42:31.312346+00:00,historical_market_backfill,-35.2087,2026,2,regular,401858219,2026-09-12 23:30:00+00:00,Clemson,Georgia Southern,Bovada,-19.5,Clemson,Clemson -19.5,-21.0,54.5,55.5,-1800.0,850.0
2026-09-14T10:42:31.312346+00:00,historical_market_backfill,-35.2087,2026,2,regular,401858219,2026-09-12 23:30:00+00:00,Clemson,Georgia Southern,Draft Kings,-20.5,Clemson,Clemson -20.5,,54.5,,,
2026-09-14T10:42:31.312346+00:00,historical_market_backfill,-35.2087,2026,2,regular,401862703,2026-09-12 23:30:00+00:00,Florida Atlantic,Navy,DraftKings,4.0,Navy,Navy -4,6.5,59.5,57.5,164.0,-198.0
2026-09-14T10:42:31.312346+00:00,historical_market_backfill,-35.2087,2026,2,regular,401862703,2026-09-12 23:30:00+00:00,Florida Atlantic,Navy,Bovada,4.5,Navy,Navy -4.5,5.5,59.5,59.0,185.0,-225.0
2026-09-14T10:42:31.312346+00:00,historical_market_backfill,-35.2087,2026,2,regular,401862703,2026-09-12 23:30:00+00:00,Florida Atlantic,Navy,Draft Kings,4.5,Navy,Navy -4.5,,59.5,,,
2026-09-14T10:42:31.312346+00:00,historical_market_backfill,-35.2087,2026,2,regular,401867796,2026-09-12 23:30:00+00:00,LSU,Louisiana Tech,DraftKings,-34.5,LSU,LSU -34.5,-31.5,55.5,55.5,-20000.0,3500.0
2026-09-14T10:42:31.312346+00:00,historical_market_backfill,-35.2087,2026,2,regular,401867796,2026-09-12 23:30:00+00:00,LSU,Louisiana Tech,Bovada,-35.0,LSU,LSU -35.0,-33.5,55.0,55.5,,
2026-09-14T10:42:31.312346+00:00,historical_market_backfill,-35.2087,2026,2,regular,401867796,2026-09-12 23:30:00+00:00,LSU,Louisiana Tech,Draft Kings,-34.5,LSU,LSU -34.5,,54.5,,,
2026-09-14T10:42:31.312346+00:00,historical_market_backfill,-35.2087,2026,2,regular,401868008,2026-09-12 23:30:00+00:00,Coastal Carolina,Fordham,DraftKings,-36.5,Coastal Carolina,Coastal Carolina -36.5,-31.5,54.5,52.5,-100000.0,5000.0
2026-09-14T10:42:31.312346+00:00,historical_market_backfill,-35.2087,2026,2,regular,401868008,2026-09-12 23:30:00+00:00,Coastal Carolina,Fordham,Bovada,-37.5,Coastal Carolina,Coastal Carolina -37.5,-34.5,54.5,53.0,,
2026-09-14T10:42:31.312346+00:00,historical_market_backfill,-35.2087,2026,2,regular,401868008,2026-09-12 23:30:00+00:00,Coastal Carolina,Fordham,Draft Kings,-36.5,Coastal Carolina,Coastal Carolina -36.5,,54.5,,,
2026-09-14T10:42:31.312346+00:00,historical_market_backfill,-34.9587,2026,2,regular,401856671,2026-09-12 23:45:00+00:00,Auburn,Southern Miss,DraftKings,-32.5,Auburn,Auburn -32.5,-29.5,56.5,52.5,-10000.0,3000.0
2026-09-14T10:42:31.312346+00:00,historical_market_backfill,-34.9587,2026,2,regular,401856671,2026-09-12 23:45:00+00:00,Auburn,Southern Miss,Bovada,-33.0,Auburn,Auburn -33.0,-30.0,57.0,53.0,,
2026-09-14T10:42:31.312346+00:00,historical_market_backfill,-34.9587,2026,2,regular,401856671,2026-09-12 23:45:00+00:00,Auburn,Southern Miss,Draft Kings,-32.5,Auburn,Auburn -32.5,,56.5,,,
2026-09-14T10:42:31.312346+00:00,historical_market_backfill,-34.9587,2026,2,regular,401856676,2026-09-12 23:45:00+00:00,Ole Miss,Charlotte,DraftKings,-44.5,Ole Miss,Ole Miss -44.5,-46.5,59.5,61.5,,
2026-09-14T10:42:31.312346+00:00,historical_market_backfill,-34.9587,2026,2,regular,401856676,2026-09-12 23:45:00+00:00,Ole Miss,Charlotte,Bovada,-44.5,Ole Miss,Ole Miss -44.5,-47.5,59.5,61.5,,
2026-09-14T10:42:31.312346+00:00,historical_market_backfill,-34.9587,2026,2,regular,401856676,2026-09-12 23:45:00+00:00,Ole Miss,Charlotte,Draft Kings,-44.5,Ole Miss,Ole Miss -44.5,,59.5,,,
2026-09-14T10:42:31.312346+00:00,historical_market_backfill,-34.7087,2026,2,regular,401856789,2026-09-13 00:00:00+00:00,TCU,Grambling,DraftKings,-44.5,TCU,TCU -44.5,-43.5,56.5,53.5,,
2026-09-14T10:42:31.312346+00:00,historical_market_backfill,-34.7087,2026,2,regular,401856789,2026-09-13 00:00:00+00:00,TCU,Grambling,Bovada,-44.5,TCU,TCU -44.5,-44.0,56.5,54.5,,
2026-09-14T10:42:31.312346+00:00,historical_market_backfill,-34.7087,2026,2,regular,401856789,2026-09-13 00:00:00+00:00,TCU,Grambling,Draft Kings,-44.5,TCU,TCU -44.5,,56.5,,,
2026-09-14T10:42:31.312346+00:00,historical_market_backfill,-34.7087,2026,2,regular,401868050,2026-09-13 00:00:00+00:00,Abilene Christian,Stephen F. Austin,DraftKings,3.0,Stephen F. Austin,Stephen F. Austin -3,3.0,50.5,50.5,128.0,-160.0
2026-09-14T10:42:31.312346+00:00,historical_market_backfill,-34.7087,2026,2,regular,401868050,2026-09-13 00:00:00+00:00,Abilene Christian,Stephen F. Austin,Draft Kings,3.0,Stephen F. Austin,Stephen F. Austin -3,,50.5,,,
2026-09-14T10:42:31.312346+00:00,historical_market_backfill,-34.5754,2026,2,regular,401856784,2026-09-13 00:08:00+00:00,Baylor,Prairie View A&M,DraftKings,-37.5,Baylor,Baylor -37.5,-37.5,55.5,56.5,,
2026-09-14T10:42:31.312346+00:00,historical_market_backfill,-34.5754,2026,2,regular,401856784,2026-09-13 00:08:00+00:00,Baylor,Prairie View A&M,Bovada,-37.5,Baylor,Baylor -37.5,-37.5,55.5,55.5,,
2026-09-14T10:42:31.312346+00:00,historical_market_backfill,-34.5754,2026,2,regular,401856784,2026-09-13 00:08:00+00:00,Baylor,Prairie View A&M,Draft Kings,-37.5,Baylor,Baylor -37.5,,55.5,,,
2026-09-14T10:42:31.312346+00:00,historical_market_backfill,-33.7087,2026,2,regular,401864504,2026-09-13 01:00:00+00:00,San José State,Cal Poly,DraftKings,-21.5,San José State,San José State -21.5,-20.5,58.5,56.5,-1800.0,1000.0
2026-09-14T10:42:31.312346+00:00,historical_market_backfill,-33.7087,2026,2,regular,401864504,2026-09-13 01:00:00+00:00,San José State,Cal Poly,Bovada,-21.5,San José State,San José State -21.5,-20.5,58.5,56.5,-1500.0,775.0
2026-09-14T10:42:31.312346+00:00,historical_market_backfill,-33.7087,2026,2,regular,401864504,2026-09-13 01:00:00+00:00,San José State,Cal Poly,Draft Kings,-21.5,San José State,San José State -21.5,,58.5,,,
2026-09-14T10:42:31.312346+00:00,historical_market_backfill,-33.7087,2026,2,regular,401864505,2026-09-13 01:00:00+00:00,UTEP,Texas Southern,DraftKings,-27.5,UTEP,UTEP -27.5,-25.5,53.5,52.5,-4500.0,1700.0
2026-09-14T10:42:31.312346+00:00,historical_market_backfill,-33.7087,2026,2,regular,401864505,2026-09-13 01:00:00+00:00,UTEP,Texas Southern,Bovada,-27.0,UTEP,UTEP -27.0,-25.5,53.5,53.0,-4000.0,1200.0
2026-09-14T10:42:31.312346+00:00,historical_market_backfill,-33.7087,2026,2,regular,401864505,2026-09-13 01:00:00+00:00,UTEP,Texas Southern,Draft Kings,-27.5,UTEP,UTEP -27.5,,53.5,,,
2026-09-14T10:42:31.312346+00:00,historical_market_backfill,-32.7087,2026,2,regular,401864502,2026-09-13 02:00:00+00:00,Air Force,North Dakota State,DraftKings,1.5,North Dakota State,North Dakota State -1.5,6.5,47.5,49.5,105.0,-125.0
2026-09-14T10:42:31.312346+00:00,historical_market_backfill,-32.7087,2026,2,regular,401864502,2026-09-13 02:00:00+00:00,Air Force,North Dakota State,Bovada,2.0,North Dakota State,North Dakota State -2.0,3.5,48.5,47.5,140.0,-165.0
2026-09-14T10:42:31.312346+00:00,historical_market_backfill,-32.7087,2026,2,regular,401864502,2026-09-13 02:00:00+00:00,Air Force,North Dakota State,Draft Kings,1.5,North Dakota State,North Dakota State -1.5,,48.5,,,
2026-09-14T10:42:31.312346+00:00,historical_market_backfill,-32.7087,2026,2,regular,401867876,2026-09-13 02:00:00+00:00,Portland State,North Dakota,DraftKings,25.5,North Dakota,North Dakota -25.5,25.5,60.5,58.5,1180.0,-4000.0
2026-09-14T10:42:31.312346+00:00,historical_market_backfill,-32.7087,2026,2,regular,401867876,2026-09-13 02:00:00+00:00,Portland State,North Dakota,Draft Kings,25.5,North Dakota,North Dakota -25.5,,60.5,,,
2026-09-05T09:21:07.215390+00:00,pregame,184.898,2026,2,regular,401856670,2026-09-13 02:15:00+00:00,Utah,Arkansas,DraftKings,-9.5,Utah,Utah -9.5,-9.5,56.5,54.5,-375.0,295.0
2026-09-06T10:23:56.277410+00:00,pregame,159.851,2026,2,regular,401856670,2026-09-13 02:15:00+00:00,Utah,Arkansas,DraftKings,-11.5,Utah,Utah -11.5,-9.5,56.5,54.5,-485.0,370.0
2026-09-14T10:42:31.312346+00:00,historical_market_backfill,-32.4587,2026,2,regular,401856670,2026-09-13 02:15:00+00:00,Utah,Arkansas,DraftKings,-12.5,Utah,Utah -12.5,-9.5,55.5,54.5,-500.0,380.0
2026-09-14T10:42:31.312346+00:00,historical_market_backfill,-32.4587,2026,2,regular,401856670,2026-09-13 02:15:00+00:00,Utah,Arkansas,Bovada,-12.5,Utah,Utah -12.5,-13.0,55.5,57.0,-525.0,375.0
2026-09-14T10:42:31.312346+00:00,historical_market_backfill,-32.4587,2026,2,regular,401856670,2026-09-13 02:15:00+00:00,Utah,Arkansas,Draft Kings,-13.5,Utah,Utah -13.5,,55.5,,,
2026-09-14T10:42:31.312346+00:00,historical_market_backfill,-32.2087,2026,2,regular,401860883,2026-09-13 02:30:00+00:00,Fresno State,Sacramento State,DraftKings,-17.5,Fresno State,Fresno State -17.5,-18.5,44.5,48.5,-900.0,600.0
2026-09-14T10:42:31.312346+00:00,historical_market_backfill,-32.2087,2026,2,regular,401860883,2026-09-13 02:30:00+00:00,Fresno State,Sacramento State,Bovada,-18.5,Fresno State,Fresno State -18.5,-18.0,43.5,46.0,-1100.0,650.0
2026-09-14T10:42:31.312346+00:00,historical_market_backfill,-32.2087,2026,2,regular,401860883,2026-09-13 02:30:00+00:00,Fresno State,Sacramento State,Draft Kings,-17.5,Fresno State,Fresno State -17.5,,43.5,,,
2026-09-14T10:42:31.312346+00:00,historical_market_backfill,-32.2087,2026,2,regular,401864500,2026-09-13 02:30:00+00:00,Nevada,Montana State,Bovada,5.5,Montana State,Montana State -5.5,3.5,51.5,49.5,155.0,-180.0
2026-09-14T10:42:31.312346+00:00,historical_market_backfill,-32.2087,2026,2,regular,401864500,2026-09-13 02:30:00+00:00,Nevada,Montana State,Draft Kings,4.5,Montana State,Montana State -4.5,,51.5,,,
2026-09-14T10:42:31.312346+00:00,historical_market_backfill,-32.2087,2026,2,regular,401864500,2026-09-13 02:30:00+00:00,Nevada,Montana State,DraftKings,4.5,Montana State,Montana State -4.5,4.5,51.5,49.5,170.0,-205.0
2026-09-05T09:21:07.215390+00:00,pregame,185.648,2026,2,regular,401858445,2026-09-13 03:00:00+00:00,USC,Louisiana,DraftKings,-28.5,USC,USC -28.5,-28.5,63.5,63.5,-8000.0,2200.0
2026-09-14T10:42:31.312346+00:00,historical_market_backfill,-31.7087,2026,2,regular,401858445,2026-09-13 03:00:00+00:00,USC,Louisiana,DraftKings,-30.5,USC,USC -30.5,-28.5,58.5,63.5,-5000.0,1800.0
2026-09-14T10:42:31.312346+00:00,historical_market_backfill,-31.7087,2026,2,regular,401858445,2026-09-13 03:00:00+00:00,USC,Louisiana,Bovada,-31.0,USC,USC -31.0,-31.0,58.5,60.0,-10000.0,1600.0
2026-09-14T10:42:31.312346+00:00,historical_market_backfill,-31.7087,2026,2,regular,401858445,2026-09-13 03:00:00+00:00,USC,Louisiana,Draft Kings,-30.5,USC,USC -30.5,,58.5,,,
2026-09-05T09:21:07.215390+00:00,pregame,186.6313,2026,2,regular,401864578,2026-09-13 03:59:00+00:00,Hawai'i,New Mexico State,DraftKings,-11.5,Hawai'i,Hawai'i -11.5,-11.5,51.5,51.5,-395.0,310.0
2026-09-14T10:42:31.312346+00:00,historical_market_backfill,-30.7254,2026,2,regular,401864578,2026-09-13 03:59:00+00:00,Hawai'i,New Mexico State,DraftKings,-7.5,Hawai'i,Hawai'i -7.5,-11.5,50.5,51.5,-298.0,240.0
2026-09-14T10:42:31.312346+00:00,historical_market_backfill,-30.7254,2026,2,regular,401864578,2026-09-13 03:59:00+00:00,Hawai'i,New Mexico State,Bovada,-7.5,Hawai'i,Hawai'i -7.5,-10.0,50.0,50.5,-410.0,305.0
2026-09-14T10:42:31.312346+00:00,historical_market_backfill,-30.7254,2026,2,regular,401864578,2026-09-13 03:59:00+00:00,Hawai'i,New Mexico State,Draft Kings,-7.5,Hawai'i,Hawai'i -7.5,,50.5,,,
2026-09-14T10:42:31.312346+00:00,pregame,84.7913,2026,3,regular,401858225,2026-09-17 23:30:00+00:00,Pittsburgh,Syracuse,DraftKings,-10.5,Pittsburgh,Pittsburgh -10.5,-10.5,51.5,59.5,-440.0,340.0
2026-09-14T10:42:31.312346+00:00,pregame,84.7913,2026,3,regular,401858225,2026-09-17 23:30:00+00:00,Pittsburgh,Syracuse,Bovada,-11.5,Pittsburgh,Pittsburgh -11.5,-11.0,51.0,51.0,-450.0,335.0
2026-09-14T10:42:31.312346+00:00,pregame,108.7913,2026,3,regular,401858226,2026-09-18 23:30:00+00:00,Wake Forest,Miami,DraftKings,21.5,Miami,Miami -21.5,19.5,55.5,50.5,1100.0,-2100.0
2026-09-14T10:42:31.312346+00:00,pregame,108.7913,2026,3,regular,401858226,2026-09-18 23:30:00+00:00,Wake Forest,Miami,Bovada,21.0,Miami,Miami -21.0,21.0,55.0,55.0,900.0,-1900.0
2026-09-05T09:21:07.215390+00:00,pregame,326.648,2026,3,regular,401856811,2026-09-19 00:00:00+00:00,Texas Tech,Houston,DraftKings,-13.5,Texas Tech,Texas Tech -13.5,-13.5,,,,
2026-09-14T10:42:31.312346+00:00,pregame,109.2913,2026,3,regular,401856811,2026-09-19 00:00:00+00:00,Texas Tech,Houston,DraftKings,-7.5,Texas Tech,Texas Tech -7.5,-13.5,,,,
2026-09-14T10:42:31.312346+00:00,pregame,109.2913,2026,3,regular,401856811,2026-09-19 00:00:00+00:00,Texas Tech,Houston,Bovada,-7.0,Texas Tech,Texas Tech -7.0,-8.5,53.5,53.0,-300.0,270.0
2026-09-14T10:42:31.312346+00:00,pregame,124.7913,2026,3,regular,401869940,2026-09-19 15:30:00+00:00,Delaware,Coastal Carolina,DraftKings,-4.5,Delaware,Delaware -4.5,-4.5,57.5,58.5,-205.0,170.0
2026-09-14T10:42:31.312346+00:00,pregame,124.7913,2026,3,regular,401869940,2026-09-19 15:30:00+00:00,Delaware,Coastal Carolina,Bovada,-5.0,Delaware,Delaware -5.0,-5.0,57.5,57.5,-210.0,175.0
2026-09-14T10:42:31.312346+00:00,pregame,125.2913,2026,3,regular,401856686,2026-09-19 16:00:00+00:00,Arkansas,Georgia,DraftKings,24.5,Georgia,Georgia -24.5,17.5,54.5,52.5,1600.0,-4000.0
2026-09-14T10:42:31.312346+00:00,pregame,125.2913,2026,3,regular,401856686,2026-09-19 16:00:00+00:00,Arkansas,Georgia,Bovada,24.5,Georgia,Georgia -24.5,24.5,54.0,54.0,1100.0,-3300.0
2026-09-14T11:52:07.053193+00:00,pregame,124.1314,2026,3,regular,401856686,2026-09-19 16:00:00+00:00,Arkansas,Georgia,DraftKings,24.5,Georgia,Georgia -24.5,17.5,54.5,52.5,1700.0,-4500.0
2026-09-14T10:42:31.312346+00:00,pregame,125.2913,2026,3,regular,401856792,2026-09-19 16:00:00+00:00,Kansas State,Tulane,DraftKings,-20.5,Kansas State,Kansas State -20.5,-20.5,49.5,49.5,-1800.0,1000.0
2026-09-14T10:42:31.312346+00:00,pregame,125.2913,2026,3,regular,401856792,2026-09-19 16:00:00+00:00,Kansas State,Tulane,Bovada,-20.5,Kansas State,Kansas State -20.5,-19.5,49.5,49.5,-1300.0,725.0
2026-09-14T10:42:31.312346+00:00,pregame,125.2913,2026,3,regular,401856798,2026-09-19 16:00:00+00:00,Iowa State,Bowling Green,Bovada,-24.0,Iowa State,Iowa State -24.0,-23.0,46.0,46.0,-2200.0,1000.0
2026-09-14T10:42:31.312346+00:00,pregame,125.2913,2026,3,regular,401856798,2026-09-19 16:00:00+00:00,Iowa State,Bowling Green,DraftKings,-23.5,Iowa State,Iowa State -23.5,-22.5,45.5,45.5,-3600.0,1500.0
2026-09-14T10:42:31.312346+00:00,pregame,125.2913,2026,3,regular,401856812,2026-09-19 16:00:00+00:00,Kansas,Arizona State,DraftKings,5.5,Arizona State,Arizona State -5.5,5.5,52.5,56.5,170.0,-205.0
2026-09-14T10:42:31.312346+00:00,pregame,125.2913,2026,3,regular,401856812,2026-09-19 16:00:00+00:00,Kansas,Arizona State,Bovada,5.5,Arizona State,Arizona State -5.5,6.5,53.0,53.0,190.0,-230.0
2026-09-14T10:42:31.312346+00:00,pregame,125.2913,2026,3,regular,401858229,2026-09-19 16:00:00+00:00,Clemson,North Carolina,DraftKings,-3.0,Clemson,Clemson -3,-9.5,44.5,44.5,-166.0,140.0
2026-09-14T10:42:31.312346+00:00,pregame,125.2913,2026,3,regular,401858229,2026-09-19 16:00:00+00:00,Clemson,North Carolina,Bovada,-3.0,Clemson,Clemson -3.0,-3.0,44.0,44.5,-165.0,135.0
2026-09-14T10:42:31.312346+00:00,pregame,125.2913,2026,3,regular,401858451,2026-09-19 16:00:00+00:00,Minnesota,Akron,DraftKings,-24.5,Minnesota,Minnesota -24.5,-26.5,48.5,48.5,-4000.0,1600.0
2026-09-14T10:42:31.312346+00:00,pregame,125.2913,2026,3,regular,401858451,2026-09-19 16:00:00+00:00,Minnesota,Akron,Bovada,-24.0,Minnesota,Minnesota -24.0,-26.5,49.0,49.0,-5000.0,1300.0
2026-09-14T10:42:31.312346+00:00,pregame,125.2913,2026,3,regular,401858454,2026-09-19 16:00:00+00:00,Ohio State,Kent State,DraftKings,-52.5,Ohio State,Ohio State -52.5,-52.5,58.5,56.5,,
2026-09-14T10:42:31.312346+00:00,pregame,125.2913,2026,3,regular,401858456,2026-09-19 16:00:00+00:00,Penn State,Buffalo,DraftKings,-38.5,Penn State,Penn State -38.5,-39.5,47.5,48.5,,
2026-09-14T10:42:31.312346+00:00,pregame,125.2913,2026,3,regular,401858456,2026-09-19 16:00:00+00:00,Penn State,Buffalo,Bovada,-38.5,Penn State,Penn State -38.5,-38.5,47.5,47.5,,
2026-09-14T10:42:31.312346+00:00,pregame,125.2913,2026,3,regular,401860889,2026-09-19 16:00:00+00:00,Texas State,North Texas,DraftKings,-3.0,Texas State,Texas State -3,-3.0,63.5,63.5,-148.0,124.0
2026-09-14T10:42:31.312346+00:00,pregame,125.2913,2026,3,regular,401860889,2026-09-19 16:00:00+00:00,Texas State,North Texas,Bovada,-3.0,Texas State,Texas State -3.0,-3.0,63.5,63.5,-150.0,130.0
2026-09-14T10:42:31.312346+00:00,pregame,125.7913,2026,3,regular,401858460,2026-09-19 16:30:00+00:00,Wisconsin,Eastern Michigan,DraftKings,-24.5,Wisconsin,Wisconsin -24.5,-24.5,45.5,45.5,-3600.0,1500.0
2026-09-14T10:42:31.312346+00:00,pregame,125.7913,2026,3,regular,401858460,2026-09-19 16:30:00+00:00,Wisconsin,Eastern Michigan,Bovada,-23.5,Wisconsin,Wisconsin -23.5,-24.5,46.0,46.0,-3300.0,1100.0
2026-09-14T10:42:31.312346+00:00,pregame,126.0413,2026,3,regular,401856695,2026-09-19 16:45:00+00:00,Vanderbilt,NC State,Bovada,-3.5,Vanderbilt,Vanderbilt -3.5,-4.0,52.5,52.5,-185.0,160.0
2026-09-14T10:42:31.312346+00:00,pregame,126.0413,2026,3,regular,401856695,2026-09-19 16:45:00+00:00,Vanderbilt,NC State,DraftKings,-3.5,Vanderbilt,Vanderbilt -3.5,-4.0,52.5,54.5,-175.0,145.0
2026-09-14T10:42:31.312346+00:00,pregame,126.2913,2026,3,regular,401864508,2026-09-19 17:00:00+00:00,Central Michigan,Wyoming,DraftKings,-1.5,Central Michigan,Central Michigan -1.5,-2.5,39.5,39.5,-120.0,100.0
2026-09-14T10:42:31.312346+00:00,pregame,126.2913,2026,3,regular,401864508,2026-09-19 17:00:00+00:00,Central Michigan,Wyoming,Bovada,-1.5,Central Michigan,Central Michigan -1.5,-1.5,39.5,39.5,-120.0,100.0
2026-09-14T10:42:31.312346+00:00,pregame,128.2913,2026,3,regular,401862774,2026-09-19 19:00:00+00:00,Toledo,Temple,DraftKings,-5.5,Toledo,Toledo -5.5,-4.0,51.5,52.5,-218.0,180.0
2026-09-14T10:42:31.312346+00:00,pregame,128.2913,2026,3,regular,401862774,2026-09-19 19:00:00+00:00,Toledo,Temple,Bovada,-6.0,Toledo,Toledo -6.0,-5.0,51.0,51.0,-210.0,175.0
2026-09-05T09:21:07.215390+00:00,pregame,346.148,2026,3,regular,401856685,2026-09-19 19:30:00+00:00,Alabama,Florida State,DraftKings,-15.5,Alabama,Alabama -15.5,-15.5,52.5,52.5,-600.0,440.0
2026-09-14T10:42:31.312346+00:00,pregame,128.7913,2026,3,regular,401856685,2026-09-19 19:30:00+00:00,Alabama,Florida State,DraftKings,-20.5,Alabama,Alabama -20.5,-15.5,49.5,52.5,-1650.0,950.0
2026-09-14T10:42:31.312346+00:00,pregame,128.7913,2026,3,regular,401856685,2026-09-19 19:30:00+00:00,Alabama,Florida State,Bovada,-20.5,Alabama,Alabama -20.5,-20.5,49.0,49.0,-1500.0,775.0
2026-09-14T10:42:31.312346+00:00,pregame,128.7913,2026,3,regular,401856694,2026-09-19 19:30:00+00:00,Texas A&M,Kentucky,DraftKings,-16.5,Texas A&M,Texas A&M -16.5,-15.5,49.5,48.5,-850.0,575.0
2026-09-14T10:42:31.312346+00:00,pregame,128.7913,2026,3,regular,401856694,2026-09-19 19:30:00+00:00,Texas A&M,Kentucky,Bovada,-17.0,Texas A&M,Texas A&M -17.0,-16.0,49.5,49.0,-750.0,500.0
2026-09-14T10:42:31.312346+00:00,pregame,128.7913,2026,3,regular,401856797,2026-09-19 19:30:00+00:00,Cincinnati,Miami (OH),DraftKings,-14.5,Cincinnati,Cincinnati -14.5,-15.5,50.5,49.5,-650.0,470.0
2026-09-14T10:42:31.312346+00:00,pregame,128.7913,2026,3,regular,401856797,2026-09-19 19:30:00+00:00,Cincinnati,Miami (OH),Bovada,-14.5,Cincinnati,Cincinnati -14.5,-14.5,51.0,51.0,-675.0,460.0
2026-09-14T10:42:31.312346+00:00,pregame,128.7913,2026,3,regular,401856801,2026-09-19 19:30:00+00:00,Utah,Utah State,DraftKings,-28.5,Utah,Utah -28.5,-27.5,56.5,57.5,-8000.0,2200.0
2026-09-14T10:42:31.312346+00:00,pregame,128.7913,2026,3,regular,401856801,2026-09-19 19:30:00+00:00,Utah,Utah State,Bovada,-28.0,Utah,Utah -28.0,-28.0,57.0,57.0,,
2026-09-05T09:21:07.215390+00:00,pregame,346.148,2026,3,regular,401858230,2026-09-19 19:30:00+00:00,Louisville,SMU,DraftKings,-1.5,Louisville,Louisville -1.5,-1.5,56.5,56.5,-115.0,-105.0
2026-09-14T10:42:31.312346+00:00,pregame,128.7913,2026,3,regular,401858230,2026-09-19 19:30:00+00:00,Louisville,SMU,DraftKings,-1.5,Louisville,Louisville -1.5,-1.5,59.5,56.5,-125.0,105.0
2026-09-14T10:42:31.312346+00:00,pregame,128.7913,2026,3,regular,401858230,2026-09-19 19:30:00+00:00,Louisville,SMU,Bovada,-1.0,Louisville,Louisville -1.0,-1.0,59.5,59.5,-115.0,-105.0
2026-09-14T11:41:39.414500+00:00,pregame,127.8057,2026,3,regular,401858230,2026-09-19 19:30:00+00:00,Louisville,SMU,DraftKings,-1.5,Louisville,Louisville -1.5,-1.5,59.5,56.5,-115.0,-105.0
2026-09-14T10:42:31.312346+00:00,pregame,128.7913,2026,3,regular,401858450,2026-09-19 19:30:00+00:00,Michigan,UTEP,DraftKings,-35.5,Michigan,Michigan -35.5,-36.5,48.5,49.5,,
2026-09-14T10:42:31.312346+00:00,pregame,128.7913,2026,3,regular,401858450,2026-09-19 19:30:00+00:00,Michigan,UTEP,Bovada,-35.0,Michigan,Michigan -35.0,-37.0,48.5,49.5,,
2026-09-14T10:42:31.312346+00:00,pregame,128.7913,2026,3,regular,401858457,2026-09-19 19:30:00+00:00,Rutgers,USC,DraftKings,24.5,USC,USC -24.5,24.5,58.5,57.5,1300.0,-2800.0
2026-09-14T10:42:31.312346+00:00,pregame,128.7913,2026,3,regular,401858457,2026-09-19 19:30:00+00:00,Rutgers,USC,Bovada,24.5,USC,USC -24.5,24.5,59.5,57.5,1100.0,-3300.0
2026-09-14T10:42:31.312346+00:00,pregame,129.2913,2026,3,regular,401858231,2026-09-19 20:00:00+00:00,Duke,Stanford,DraftKings,-9.5,Duke,Duke -9.5,-10.0,51.5,50.5,-375.0,295.0
2026-09-14T10:42:31.312346+00:00,pregame,129.2913,2026,3,regular,401858231,2026-09-19 20:00:00+00:00,Duke,Stanford,Bovada,-9.5,Duke,Duke -9.5,-9.5,51.0,51.0,-370.0,285.0
2026-09-14T10:42:31.312346+00:00,pregame,129.2913,2026,3,regular,401858449,2026-09-19 20:00:00+00:00,Indiana,Western Kentucky,DraftKings,-44.5,Indiana,Indiana -44.5,-44.5,60.5,59.5,,
2026-09-14T10:42:31.312346+00:00,pregame,129.2913,2026,3,regular,401858449,2026-09-19 20:00:00+00:00,Indiana,Western Kentucky,Bovada,-44.0,Indiana,Indiana -44.0,-44.0,59.5,59.5,,
2026-09-14T10:42:31.312346+00:00,pregame,129.2913,2026,3,regular,401866422,2026-09-19 20:00:00+00:00,Liberty,Ball State,DraftKings,-14.0,Liberty,Liberty -14,-14.5,49.5,55.5,-700.0,500.0
2026-09-14T10:42:31.312346+00:00,pregame,129.2913,2026,3,regular,401866422,2026-09-19 20:00:00+00:00,Liberty,Ball State,Bovada,-14.0,Liberty,Liberty -14.0,-14.0,50.0,51.0,-625.0,430.0
2026-09-14T10:42:31.312346+00:00,pregame,129.2913,2026,3,regular,401867804,2026-09-19 20:00:00+00:00,Baylor,Louisiana Tech,DraftKings,-17.5,Baylor,Baylor -17.5,-17.5,53.5,55.5,-950.0,625.0
2026-09-14T10:42:31.312346+00:00,pregame,129.2913,2026,3,regular,401867804,2026-09-19 20:00:00+00:00,Baylor,Louisiana Tech,Bovada,-17.0,Baylor,Baylor -17.0,-19.0,54.0,55.0,-1100.0,650.0
2026-09-14T10:42:31.312346+00:00,pregame,129.5413,2026,3,regular,401856691,2026-09-19 20:15:00+00:00,South Carolina,Mississippi State,DraftKings,-3.5,South Carolina,South Carolina -3.5,-7.5,58.5,54.5,-170.0,142.0
2026-09-14T10:42:31.312346+00:00,pregame,129.5413,2026,3,regular,401856691,2026-09-19 20:15:00+00:00,South Carolina,Mississippi State,Bovada,-3.5,South Carolina,South Carolina -3.5,-3.5,58.5,58.5,-165.0,140.0
2026-09-14T10:42:31.312346+00:00,pregame,131.2913,2026,3,regular,401862710,2026-09-19 22:00:00+00:00,Old Dominion,East Carolina,DraftKings,-3.0,Old Dominion,Old Dominion -3,-2.5,49.5,49.5,-142.0,120.0
2026-09-14T10:42:31.312346+00:00,pregame,131.2913,2026,3,regular,401862710,2026-09-19 22:00:00+00:00,Old Dominion,East Carolina,Bovada,-3.0,Old Dominion,Old Dominion -3.0,-3.0,49.5,49.5,-145.0,125.0
2026-09-14T10:42:31.312346+00:00,pregame,131.2913,2026,3,regular,401862771,2026-09-19 22:00:00+00:00,Florida Atlantic,Florida International,Bovada,-6.5,Florida Atlantic,Florida Atlantic -6.5,-7.0,62.5,62.5,-275.0,225.0
2026-09-14T10:42:31.312346+00:00,pregame,131.2913,2026,3,regular,401862771,2026-09-19 22:00:00+00:00,Florida Atlantic,Florida International,DraftKings,-6.5,Florida Atlantic,Florida Atlantic -6.5,-7.5,62.5,62.5,-265.0,215.0
2026-09-14T10:42:31.312346+00:00,pregame,131.2913,2026,3,regular,401864574,2026-09-19 22:00:00+00:00,App State,Charlotte,Bovada,-19.5,App State,App State -19.5,-20.5,51.5,50.5,-1600.0,800.0
2026-09-14T10:42:31.312346+00:00,pregame,131.2913,2026,3,regular,401864574,2026-09-19 22:00:00+00:00,App State,Charlotte,DraftKings,-19.5,App State,App State -19.5,-19.5,51.5,53.5,-1200.0,750.0
2026-09-14T10:42:31.312346+00:00,pregame,131.7913,2026,3,regular,401871047,2026-09-19 22:30:00+00:00,Missouri State,Marshall,DraftKings,3.5,Marshall,Marshall -3.5,4.5,51.5,53.5,145.0,-175.0
2026-09-14T10:42:31.312346+00:00,pregame,131.7913,2026,3,regular,401871047,2026-09-19 22:30:00+00:00,Missouri State,Marshall,Bovada,3.5,Marshall,Marshall -3.5,4.0,52.0,52.0,160.0,-185.0
2026-09-05T09:21:07.215390+00:00,pregame,349.648,2026,3,regular,401856687,2026-09-19 23:00:00+00:00,Auburn,Florida,DraftKings,1.5,Florida,Florida -1.5,-1.5,53.5,53.5,-108.0,-112.0
2026-09-14T10:42:31.312346+00:00,pregame,132.2913,2026,3,regular,401856687,2026-09-19 23:00:00+00:00,Auburn,Florida,DraftKings,2.5,Florida,Florida -2.5,-1.5,52.5,53.5,114.0,-135.0
2026-09-14T10:42:31.312346+00:00,pregame,132.2913,2026,3,regular,401856687,2026-09-19 23:00:00+00:00,Auburn,Florida,Bovada,2.5,Florida,Florida -2.5,2.5,53.0,53.0,115.0,-135.0
2026-09-14T10:42:31.312346+00:00,pregame,132.2913,2026,3,regular,401856689,2026-09-19 23:00:00+00:00,Missouri,Troy,DraftKings,-27.5,Missouri,Missouri -27.5,-27.5,49.5,49.5,-6500.0,2000.0
2026-09-14T10:42:31.312346+00:00,pregame,132.2913,2026,3,regular,401856689,2026-09-19 23:00:00+00:00,Missouri,Troy,Bovada,-27.0,Missouri,Missouri -27.0,-27.0,49.5,49.5,-6500.0,1300.0
2026-09-14T10:42:31.312346+00:00,pregame,132.2913,2026,3,regular,401856800,2026-09-19 23:00:00+00:00,UCF,Georgia State,DraftKings,-20.5,UCF,UCF -20.5,-21.0,52.5,49.5,-1450.0,850.0
2026-09-14T10:42:31.312346+00:00,pregame,132.2913,2026,3,regular,401856800,2026-09-19 23:00:00+00:00,UCF,Georgia State,Bovada,-20.5,UCF,UCF -20.5,-20.5,52.5,50.5,-1500.0,775.0
2026-09-14T10:42:31.312346+00:00,pregame,132.2913,2026,3,regular,401861963,2026-09-19 23:00:00+00:00,Southern Miss,UConn,DraftKings,3.5,UConn,UConn -3.5,2.5,55.5,55.5,140.0,-166.0
2026-09-14T10:42:31.312346+00:00,pregame,132.2913,2026,3,regular,401861963,2026-09-19 23:00:00+00:00,Southern Miss,UConn,Bovada,3.0,UConn,UConn -3.0,3.5,54.0,54.0,140.0,-165.0
2026-09-14T10:42:31.312346+00:00,pregame,132.2913,2026,3,regular,401862773,2026-09-19 23:00:00+00:00,Rice,Western Michigan,Bovada,10.0,Western Michigan,Western Michigan -10.0,12.0,43.5,44.0,325.0,-510.0
2026-09-14T10:42:31.312346+00:00,pregame,132.2913,2026,3,regular,401862773,2026-09-19 23:00:00+00:00,Rice,Western Michigan,DraftKings,9.5,Western Michigan,Western Michigan -9.5,11.5,43.5,45.5,310.0,-395.0
2026-09-14T10:42:31.312346+00:00,pregame,132.2913,2026,3,regular,401864443,2026-09-19 23:00:00+00:00,Middle Tennessee,Nevada,DraftKings,5.5,Nevada,Nevada -5.5,6.5,51.5,49.5,185.0,-225.0
2026-09-14T10:42:31.312346+00:00,pregame,132.2913,2026,3,regular,401864443,2026-09-19 23:00:00+00:00,Middle Tennessee,Nevada,Bovada,5.5,Nevada,Nevada -5.5,5.5,51.0,51.0,180.0,-220.0
2026-09-14T10:42:31.312346+00:00,pregame,132.2913,2026,3,regular,401866423,2026-09-19 23:00:00+00:00,South Alabama,Ohio,DraftKings,-4.5,South Alabama,South Alabama -4.5,-3.5,52.5,53.5,-180.0,150.0
2026-09-14T10:42:31.312346+00:00,pregame,132.2913,2026,3,regular,401866423,2026-09-19 23:00:00+00:00,South Alabama,Ohio,Bovada,-4.0,South Alabama,South Alabama -4.0,-4.0,52.5,52.5,-185.0,160.0
2026-09-14T10:42:31.312346+00:00,pregame,132.2913,2026,3,regular,401869948,2026-09-19 23:00:00+00:00,Jacksonville State,Georgia Southern,DraftKings,-3.5,Jacksonville State,Jacksonville State -3.5,-2.5,53.5,53.5,-185.0,154.0
2026-09-14T10:42:31.312346+00:00,pregame,132.2913,2026,3,regular,401869948,2026-09-19 23:00:00+00:00,Jacksonville State,Georgia Southern,Bovada,-4.0,Jacksonville State,Jacksonville State -4.0,-3.5,52.5,52.5,-175.0,150.0
2026-09-05T09:21:07.215390+00:00,pregame,350.148,2026,3,regular,401856688,2026-09-19 23:30:00+00:00,Ole Miss,LSU,DraftKings,-1.5,Ole Miss,Ole Miss -1.5,-1.5,57.5,57.5,-130.0,110.0
2026-09-14T10:42:31.312346+00:00,pregame,132.7913,2026,3,regular,401856688,2026-09-19 23:30:00+00:00,Ole Miss,LSU,DraftKings,3.0,LSU,LSU -3,-1.5,58.5,57.5,130.0,-155.0
2026-09-14T10:42:31.312346+00:00,pregame,132.7913,2026,3,regular,401856688,2026-09-19 23:30:00+00:00,Ole Miss,LSU,Bovada,3.0,LSU,LSU -3.0,3.0,58.5,58.5,140.0,-165.0
2026-09-14T10:42:31.312346+00:00,pregame,132.7913,2026,3,regular,401856690,2026-09-19 23:30:00+00:00,Oklahoma,New Mexico,DraftKings,-22.5,Oklahoma,Oklahoma -22.5,-23.5,47.5,48.5,-2400.0,1200.0
2026-09-14T10:42:31.312346+00:00,pregame,132.7913,2026,3,regular,401856690,2026-09-19 23:30:00+00:00,Oklahoma,New Mexico,Bovada,-23.5,Oklahoma,Oklahoma -23.5,-23.5,48.0,48.0,-2500.0,1000.0
2026-09-14T10:42:31.312346+00:00,pregame,132.7913,2026,3,regular,401856795,2026-09-19 23:30:00+00:00,Colorado State,BYU,DraftKings,17.5,BYU,BYU -17.5,21.0,52.5,52.5,650.0,-1000.0
2026-09-14T10:42:31.312346+00:00,pregame,132.7913,2026,3,regular,401856795,2026-09-19 23:30:00+00:00,Colorado State,BYU,Bovada,17.5,BYU,BYU -17.5,18.0,52.0,52.0,650.0,-1100.0
2026-09-14T10:42:31.312346+00:00,pregame,132.7913,2026,3,regular,401856796,2026-09-19 23:30:00+00:00,Northwestern,Colorado,DraftKings,-4.0,Northwestern,Northwestern -4,-4.5,48.5,45.5,-185.0,154.0
2026-09-14T10:42:31.312346+00:00,pregame,132.7913,2026,3,regular,401856796,2026-09-19 23:30:00+00:00,Northwestern,Colorado,Bovada,-4.5,Northwestern,Northwestern -4.5,-4.5,48.5,47.0,-195.0,165.0
2026-09-14T10:42:31.312346+00:00,pregame,132.7913,2026,3,regular,401856802,2026-09-19 23:30:00+00:00,Virginia,West Virginia,DraftKings,-10.0,Virginia,Virginia -10,-8.5,53.5,50.5,-395.0,310.0
2026-09-14T10:42:31.312346+00:00,pregame,132.7913,2026,3,regular,401856802,2026-09-19 23:30:00+00:00,Virginia,West Virginia,Bovada,-10.0,Virginia,Virginia -10.0,-9.5,54.0,54.5,-380.0,290.0
2026-09-14T10:42:31.312346+00:00,pregame,132.7913,2026,3,regular,401858232,2026-09-19 23:30:00+00:00,Maryland,Virginia Tech,DraftKings,3.0,Virginia Tech,Virginia Tech -3,1.5,53.5,53.5,130.0,-155.0
2026-09-14T10:42:31.312346+00:00,pregame,132.7913,2026,3,regular,401858232,2026-09-19 23:30:00+00:00,Maryland,Virginia Tech,Bovada,3.0,Virginia Tech,Virginia Tech -3.0,3.5,53.5,53.5,140.0,-165.0
2026-09-14T10:42:31.312346+00:00,pregame,132.7913,2026,3,regular,401858453,2026-09-19 23:30:00+00:00,Notre Dame,Michigan State,DraftKings,-29.5,Notre Dame,Notre Dame -29.5,-29.5,52.5,53.5,-8000.0,2200.0
2026-09-14T10:42:31.312346+00:00,pregame,132.7913,2026,3,regular,401858453,2026-09-19 23:30:00+00:00,Notre Dame,Michigan State,Bovada,-30.0,Notre Dame,Notre Dame -30.0,-30.0,52.0,52.0,,
2026-09-14T10:42:31.312346+00:00,pregame,133.0413,2026,3,regular,401856692,2026-09-19 23:45:00+00:00,Tennessee,Kennesaw State,DraftKings,-35.5,Tennessee,Tennessee -35.5,-34.5,60.5,59.5,-100000.0,5000.0
2026-09-14T10:42:31.312346+00:00,pregame,133.0413,2026,3,regular,401856692,2026-09-19 23:45:00+00:00,Tennessee,Kennesaw State,Bovada,-35.5,Tennessee,Tennessee -35.5,-35.5,60.0,60.0,,
2026-09-14T10:42:31.312346+00:00,pregame,133.2913,2026,3,regular,401856693,2026-09-20 00:00:00+00:00,Texas,UTSA,DraftKings,-29.5,Texas,Texas -29.5,-29.5,58.5,57.5,-6500.0,2000.0
2026-09-14T10:42:31.312346+00:00,pregame,133.2913,2026,3,regular,401856693,2026-09-20 00:00:00+00:00,Texas,UTSA,Bovada,-30.0,Texas,Texas -30.0,-30.0,58.0,58.0,,
2026-09-14T10:42:31.312346+00:00,pregame,133.2913,2026,3,regular,401856799,2026-09-20 00:00:00+00:00,TCU,Arkansas State,DraftKings,-20.5,TCU,TCU -20.5,-20.5,57.5,57.5,-1450.0,850.0
2026-09-14T10:42:31.312346+00:00,pregame,133.2913,2026,3,regular,401856799,2026-09-20 00:00:00+00:00,TCU,Arkansas State,Bovada,-20.0,TCU,TCU -20.0,-20.0,57.5,57.5,-1400.0,750.0
2026-09-14T10:42:31.312346+00:00,pregame,133.2913,2026,3,regular,401862776,2026-09-20 00:00:00+00:00,Louisiana,UAB,DraftKings,-7.5,Louisiana,Louisiana -7.5,-10.0,56.5,59.5,-310.0,250.0
2026-09-14T10:42:31.312346+00:00,pregame,133.2913,2026,3,regular,401862776,2026-09-20 00:00:00+00:00,Louisiana,UAB,Bovada,-7.5,Louisiana,Louisiana -7.5,-7.5,56.5,56.5,-330.0,265.0
2026-09-14T10:42:31.312346+00:00,pregame,135.2913,2026,3,regular,401860887,2026-09-20 02:00:00+00:00,San Diego State,James Madison,DraftKings,-2.5,San Diego State,San Diego State -2.5,-1.5,46.5,46.5,-122.0,102.0
2026-09-14T10:42:31.312346+00:00,pregame,135.2913,2026,3,regular,401860887,2026-09-20 02:00:00+00:00,San Diego State,James Madison,Bovada,-2.5,San Diego State,San Diego State -2.5,-2.5,46.5,46.5,-135.0,115.0
2026-09-14T10:42:31.312346+00:00,pregame,135.7913,2026,3,regular,401856793,2026-09-20 02:30:00+00:00,Arizona,Northern Illinois,DraftKings,-34.5,Arizona,Arizona -34.5,-35.5,49.5,49.5,,
2026-09-14T10:42:31.312346+00:00,pregame,135.7913,2026,3,regular,401856793,2026-09-20 02:30:00+00:00,Arizona,Northern Illinois,Bovada,-34.5,Arizona,Arizona -34.5,-34.5,50.0,50.0,,
2026-09-14T10:42:31.312346+00:00,pregame,135.7913,2026,3,regular,401864507,2026-09-20 02:30:00+00:00,Sacramento State,North Dakota State,DraftKings,27.5,North Dakota State,North Dakota State -27.5,23.5,53.5,53.5,2200.0,-8000.0
2026-09-14T10:42:31.312346+00:00,pregame,135.7913,2026,3,regular,401864507,2026-09-20 02:30:00+00:00,Sacramento State,North Dakota State,Bovada,28.0,North Dakota State,North Dakota State -28.0,28.0,53.0,53.0,,
2026-09-14T10:42:31.312346+00:00,pregame,136.2913,2026,3,regular,401858458,2026-09-20 03:00:00+00:00,UCLA,Purdue,DraftKings,-14.5,UCLA,UCLA -14.5,-14.0,52.5,53.5,-675.0,490.0
2026-09-14T10:42:31.312346+00:00,pregame,136.2913,2026,3,regular,401858458,2026-09-20 03:00:00+00:00,UCLA,Purdue,Bovada,-14.5,UCLA,UCLA -14.5,-15.5,53.0,53.0,-800.0,525.0
2026-09-14T10:42:31.312346+00:00,pregame,136.2913,2026,3,regular,401860888,2026-09-20 03:00:00+00:00,San José State,Fresno State,DraftKings,6.5,Fresno State,Fresno State -6.5,7.5,50.5,52.5,205.0,-250.0
2026-09-14T10:42:31.312346+00:00,pregame,136.2913,2026,3,regular,401860888,2026-09-20 03:00:00+00:00,San José State,Fresno State,Bovada,6.5,Fresno State,Fresno State -6.5,7.0,50.5,50.5,225.0,-275.0
2026-09-05T09:21:07.215390+00:00,pregame,498.648,2026,4,regular,401856700,2026-09-26 04:00:00+00:00,Georgia,Oklahoma,DraftKings,-10.0,Georgia,Georgia -10,-10.0,52.5,52.5,-395.0,310.0
2026-09-05T09:21:07.215390+00:00,pregame,498.648,2026,4,regular,401856702,2026-09-26 04:00:00+00:00,LSU,Texas A&M,DraftKings,-3.0,LSU,LSU -3,-3.0,56.5,57.5,-155.0,130.0
2026-09-05T09:21:07.215390+00:00,pregame,498.648,2026,4,regular,401858469,2026-09-26 04:00:00+00:00,USC,Oregon,DraftKings,5.5,Oregon,Oregon -5.5,5.5,58.5,58.5,195.0,-238.0
2026-09-05T09:21:07.215390+00:00,pregame,510.648,2026,4,regular,401856704,2026-09-26 16:00:00+00:00,Tennessee,Texas,DraftKings,6.5,Texas,Texas -6.5,6.5,56.5,56.5,220.0,-270.0
2026-09-05T09:21:07.215390+00:00,pregame,666.648,2026,5,regular,401858249,2026-10-03 04:00:00+00:00,Clemson,Miami,DraftKings,7.0,Miami,Miami -7,7.0,55.5,55.5,260.0,-325.0
2026-09-05T09:21:07.215390+00:00,pregame,666.648,2026,5,regular,401858250,2026-10-03 04:00:00+00:00,North Carolina,Notre Dame,DraftKings,23.5,Notre Dame,Notre Dame -23.5,23.5,55.5,55.5,1100.0,-2100.0
2026-09-05T09:21:07.215390+00:00,pregame,834.648,2026,6,regular,401856712,2026-10-10 04:00:00+00:00,Alabama,Georgia,DraftKings,3.0,Georgia,Georgia -3,3.0,50.5,50.5,136.0,-162.0
2026-09-05T09:21:07.215390+00:00,pregame,834.648,2026,6,regular,401858485,2026-10-10 04:00:00+00:00,Penn State,USC,DraftKings,-1.5,Penn State,Penn State -1.5,-1.5,56.5,56.5,-125.0,105.0
2026-09-05T09:21:07.215390+00:00,pregame,850.148,2026,6,regular,401856717,2026-10-10 19:30:00+00:00,Oklahoma,Texas,DraftKings,6.0,Texas,Texas -6,6.0,48.5,48.5,180.0,-218.0
2026-09-05T09:21:07.215390+00:00,pregame,1002.648,2026,7,regular,401856719,2026-10-17 04:00:00+00:00,Georgia,Auburn,DraftKings,-16.5,Georgia,Georgia -16.5,-16.5,54.5,54.5,-1200.0,750.0
2026-09-05T09:21:07.215390+00:00,pregame,1002.648,2026,7,regular,401856723,2026-10-17 04:00:00+00:00,Tennessee,Alabama,DraftKings,1.5,Alabama,Alabama -1.5,1.5,56.5,56.5,100.0,-120.0
2026-09-05T09:21:07.215390+00:00,pregame,1002.648,2026,7,regular,401856809,2026-10-17 04:00:00+00:00,BYU,Notre Dame,DraftKings,10.0,Notre Dame,Notre Dame -10,10.0,54.5,54.5,340.0,-440.0
2026-09-05T09:21:07.215390+00:00,pregame,1002.648,2026,7,regular,401856830,2026-10-17 04:00:00+00:00,Kansas State,Kansas,DraftKings,-7.5,Kansas State,Kansas State -7.5,-7.5,54.5,54.5,-290.0,235.0
2026-09-05T09:21:07.215390+00:00,pregame,1002.648,2026,7,regular,401858263,2026-10-17 04:00:00+00:00,Miami,Florida State,DraftKings,-16.5,Miami,Miami -16.5,-16.5,53.5,53.5,-1200.0,750.0
2026-09-05T09:21:07.215390+00:00,pregame,1002.648,2026,7,regular,401858266,2026-10-17 04:00:00+00:00,Duke,North Carolina,DraftKings,-4.5,Duke,Duke -4.5,-4.5,54.5,54.5,-225.0,185.0
2026-09-05T09:21:07.215390+00:00,pregame,1002.648,2026,7,regular,401858488,2026-10-17 04:00:00+00:00,Indiana,Ohio State,DraftKings,-1.5,Indiana,Indiana -1.5,1.5,48.5,48.5,-110.0,-110.0
2026-09-05T09:21:07.215390+00:00,pregame,1002.648,2026,7,regular,401858490,2026-10-17 04:00:00+00:00,Michigan,Penn State,DraftKings,-6.5,Michigan,Michigan -6.5,-6.5,51.5,51.5,-270.0,220.0
2026-09-05T09:21:07.215390+00:00,pregame,1002.648,2026,7,regular,401858492,2026-10-17 04:00:00+00:00,Oregon,Nebraska,DraftKings,-21.5,Oregon,Oregon -21.5,-21.5,51.5,51.5,-3600.0,1500.0
2026-09-05T09:21:07.215390+00:00,pregame,1165.648,2026,8,regular,401858271,2026-10-23 23:00:00+00:00,Virginia,Duke,DraftKings,-6.5,Virginia,Virginia -6.5,-6.5,53.5,53.5,-278.0,225.0
2026-09-05T09:21:07.215390+00:00,pregame,1170.648,2026,8,regular,401856727,2026-10-24 04:00:00+00:00,Alabama,Texas A&M,DraftKings,-2.5,Alabama,Alabama -2.5,-2.5,54.5,54.5,-142.0,120.0
2026-09-05T09:21:07.215390+00:00,pregame,1170.648,2026,8,regular,401856732,2026-10-24 04:00:00+00:00,Texas,Ole Miss,DraftKings,-8.5,Texas,Texas -8.5,-8.5,54.5,54.5,-310.0,250.0
2026-09-05T09:21:07.215390+00:00,pregame,1170.648,2026,8,regular,401856837,2026-10-24 04:00:00+00:00,Utah,Houston,DraftKings,-6.5,Utah,Utah -6.5,-6.5,50.5,50.5,-258.0,210.0
2026-09-05T09:21:07.215390+00:00,pregame,1170.648,2026,8,regular,401858496,2026-10-24 04:00:00+00:00,Michigan,Indiana,DraftKings,6.0,Indiana,Indiana -6,6.0,52.5,52.5,210.0,-258.0
2026-09-05T09:21:07.215390+00:00,pregame,1338.648,2026,9,regular,401858280,2026-10-31 04:00:00+00:00,Florida State,Clemson,DraftKings,1.5,Clemson,Clemson -1.5,1.5,51.5,51.5,-108.0,-112.0
2026-09-05T09:21:07.215390+00:00,pregame,1338.648,2026,9,regular,401858509,2026-10-31 04:00:00+00:00,USC,Ohio State,DraftKings,7.5,Ohio State,Ohio State -7.5,7.5,54.5,54.5,260.0,-325.0
2026-09-05T09:21:07.215390+00:00,pregame,1354.148,2026,9,regular,401856734,2026-10-31 19:30:00+00:00,Georgia,Florida,DraftKings,-12.5,Georgia,Georgia -12.5,-12.5,53.5,53.5,-550.0,410.0
2026-09-05T09:21:07.215390+00:00,pregame,1507.648,2026,10,regular,401856740,2026-11-07 05:00:00+00:00,LSU,Alabama,DraftKings,-3.5,LSU,LSU -3.5,-3.5,54.5,54.5,-185.0,154.0
2026-09-05T09:21:07.215390+00:00,pregame,1507.648,2026,10,regular,401856741,2026-11-07 05:00:00+00:00,Ole Miss,Georgia,DraftKings,4.5,Georgia,Georgia -4.5,4.5,55.5,55.5,180.0,-218.0
2026-09-05T09:21:07.215390+00:00,pregame,1507.648,2026,10,regular,401856849,2026-11-07 05:00:00+00:00,Utah,BYU,DraftKings,-3.0,Utah,Utah -3,-3.0,51.5,51.5,-142.0,120.0
2026-09-05T09:21:07.215390+00:00,pregame,1507.648,2026,10,regular,401858511,2026-11-07 05:00:00+00:00,Michigan,Michigan State,DraftKings,-16.5,Michigan,Michigan -16.5,-16.5,50.5,50.5,-950.0,625.0
2026-09-05T09:21:07.215390+00:00,pregame,1507.648,2026,10,regular,401858514,2026-11-07 05:00:00+00:00,Ohio State,Oregon,DraftKings,-6.0,Ohio State,Ohio State -6,-6.0,52.5,52.5,-258.0,210.0
2026-09-05T09:21:07.215390+00:00,pregame,1527.148,2026,10,regular,401858291,2026-11-08 00:30:00+00:00,Notre Dame,Miami,DraftKings,-6.5,Notre Dame,Notre Dame -6.5,-6.5,54.5,54.5,-238.0,195.0
2026-09-05T09:21:07.215390+00:00,pregame,1675.648,2026,11,regular,401856863,2026-11-14 05:00:00+00:00,Oklahoma State,Texas Tech,DraftKings,15.5,Texas Tech,Texas Tech -15.5,15.5,61.5,61.5,500.0,-700.0
2026-09-05T09:21:07.215390+00:00,pregame,1675.648,2026,11,regular,401856885,2026-11-14 05:00:00+00:00,LSU,Texas,DraftKings,2.5,Texas,Texas -2.5,2.5,54.5,54.5,120.0,-142.0
2026-09-05T09:21:07.215390+00:00,pregame,1675.648,2026,11,regular,401856887,2026-11-14 05:00:00+00:00,Oklahoma,Ole Miss,DraftKings,-4.0,Oklahoma,Oklahoma -4,-4.0,53.5,53.5,-198.0,164.0
2026-09-05T09:21:07.215390+00:00,pregame,1675.648,2026,11,regular,401856888,2026-11-14 05:00:00+00:00,Texas A&M,Tennessee,DraftKings,-8.5,Texas A&M,Texas A&M -8.5,-8.5,55.5,55.5,-360.0,285.0
2026-09-05T09:21:07.215390+00:00,pregame,1675.648,2026,11,regular,401858296,2026-11-14 05:00:00+00:00,Miami,Duke,DraftKings,-21.0,Miami,Miami -21,-21.0,55.5,55.5,-1800.0,1000.0
2026-09-05T09:21:07.215390+00:00,pregame,1675.648,2026,11,regular,401858518,2026-11-14 05:00:00+00:00,Indiana,USC,DraftKings,-10.0,Indiana,Indiana -10,-10.0,58.5,58.5,-455.0,350.0
2026-09-05T09:21:07.215390+00:00,pregame,1675.648,2026,11,regular,401858523,2026-11-14 05:00:00+00:00,Oregon,Michigan,DraftKings,-13.5,Oregon,Oregon -13.5,-13.5,53.5,53.5,-600.0,440.0
2026-09-05T09:21:07.215390+00:00,pregame,1843.648,2026,12,regular,401856752,2026-11-21 05:00:00+00:00,Oklahoma,Texas A&M,DraftKings,-2.5,Oklahoma,Oklahoma -2.5,-2.5,51.5,51.5,-142.0,120.0
2026-09-05T09:21:07.215390+00:00,pregame,1843.648,2026,12,regular,401856754,2026-11-21 05:00:00+00:00,Tennessee,LSU,DraftKings,1.5,LSU,LSU -1.5,1.5,57.5,57.5,100.0,-120.0
2026-09-05T09:21:07.215390+00:00,pregame,1843.648,2026,12,regular,401858302,2026-11-21 05:00:00+00:00,Miami,Virginia Tech,DraftKings,-16.5,Miami,Miami -16.5,-16.5,56.5,56.5,-1050.0,675.0
2026-09-05T09:21:07.215390+00:00,pregame,1863.148,2026,12,regular,401858307,2026-11-22 00:30:00+00:00,Notre Dame,SMU,DraftKings,-17.5,Notre Dame,Notre Dame -17.5,-17.5,56.5,56.5,-1200.0,750.0
2026-09-05T09:21:07.215390+00:00,pregame,1983.648,2026,13,regular,401856879,2026-11-27 01:00:00+00:00,Texas Tech,TCU,DraftKings,-16.5,Texas Tech,Texas Tech -16.5,-16.5,55.5,55.5,-950.0,625.0
2026-09-05T09:21:07.215390+00:00,pregame,1999.648,2026,13,regular,401856762,2026-11-27 17:00:00+00:00,Ole Miss,Mississippi State,DraftKings,-14.5,Ole Miss,Ole Miss -14.5,-14.5,57.5,56.5,-600.0,440.0
2026-09-05T09:21:07.215390+00:00,pregame,2003.148,2026,13,regular,401856759,2026-11-27 20:30:00+00:00,Florida State,Florida,DraftKings,4.5,Florida,Florida -4.5,4.5,52.5,52.5,170.0,-205.0
2026-09-05T09:21:07.215390+00:00,pregame,2007.148,2026,13,regular,401856756,2026-11-28 00:30:00+00:00,Texas A&M,Texas,DraftKings,2.5,Texas,Texas -2.5,2.5,53.5,53.5,120.0,-142.0
2026-09-05T09:21:07.215390+00:00,pregame,2011.648,2026,13,regular,401856757,2026-11-28 05:00:00+00:00,Alabama,Auburn,DraftKings,-10.0,Alabama,Alabama -10,-10.0,52.5,53.5,-425.0,330.0
2026-09-05T09:21:07.215390+00:00,pregame,2011.648,2026,13,regular,401856764,2026-11-28 05:00:00+00:00,Clemson,South Carolina,DraftKings,-3.0,Clemson,Clemson -3,-3.0,53.5,53.5,-162.0,136.0
2026-09-05T09:21:07.215390+00:00,pregame,2011.648,2026,13,regular,401856765,2026-11-28 05:00:00+00:00,Vanderbilt,Tennessee,DraftKings,3.0,Tennessee,Tennessee -3,3.0,57.5,57.5,136.0,-162.0
2026-09-05T09:21:07.215390+00:00,pregame,2011.648,2026,13,regular,401856873,2026-11-28 05:00:00+00:00,Arizona,Arizona State,DraftKings,-4.5,Arizona,Arizona -4.5,-4.5,52.5,52.5,-218.0,180.0
2026-09-05T09:21:07.215390+00:00,pregame,2011.648,2026,13,regular,401858313,2026-11-28 05:00:00+00:00,North Carolina,NC State,DraftKings,1.5,NC State,NC State -1.5,1.5,55.5,55.5,-102.0,-118.0
2026-09-05T09:21:07.215390+00:00,pregame,2011.648,2026,13,regular,401858317,2026-11-28 05:00:00+00:00,Virginia Tech,Virginia,DraftKings,-1.5,Virginia Tech,Virginia Tech -1.5,-1.5,53.5,53.5,-125.0,105.0
2026-09-05T09:21:07.215390+00:00,pregame,2011.648,2026,13,regular,401858537,2026-11-28 05:00:00+00:00,Northwestern,Illinois,DraftKings,3.5,Illinois,Illinois -3.5,3.5,52.5,52.5,145.0,-175.0
2026-09-05T09:21:07.215390+00:00,pregame,2011.648,2026,13,regular,401858541,2026-11-28 05:00:00+00:00,Oregon,Washington,DraftKings,-15.5,Oregon,Oregon -15.5,-15.5,54.5,54.5,-700.0,500.0
2026-09-05T09:21:07.215390+00:00,pregame,2011.648,2026,13,regular,401858543,2026-11-28 05:00:00+00:00,UCLA,USC,DraftKings,10.5,USC,USC -10.5,10.5,55.5,55.5,360.0,-470.0
2026-09-05T09:21:07.215390+00:00,pregame,2023.648,2026,13,regular,401858540,2026-11-28 17:00:00+00:00,Ohio State,Michigan,DraftKings,-13.5,Ohio State,Ohio State -13.5,-13.5,46.5,46.5,-575.0,425.0
2026-09-05T09:21:07.215390+00:00,pregame,2362.648,2026,15,regular,401862844,2026-12-12 20:00:00+00:00,Army,Navy,DraftKings,2.5,Navy,Navy -2.5,2.5,37.5,37.5,120.0,-142.0
